name_file	start_time	end_time	mean_F0(Hz)	mean_HNR(dB)	mean_intensity(dB)	mean_F1(Hz)	mean_F2(Hz)	mean_F3(Hz)	mean_F4(Hz)	Jitter	Shimmer	CoG	Kurtosis	Skweness
S2_Male_sentence_04.wav	0	0.005	--undefined--	--undefined--	--undefined--	--undefined--	--undefined--	--undefined--	--undefined--
S2_Male_sentence_04.wav	0.005	0.01	--undefined--	--undefined--	--undefined--	--undefined--	--undefined--	--undefined--	--undefined--
S2_Male_sentence_04.wav	0.01	0.015	--undefined--	--undefined--	--undefined--	--undefined--	--undefined--	--undefined--	--undefined--
S2_Male_sentence_04.wav	0.015	0.02	--undefined--	-200	--undefined--	--undefined--	--undefined--	--undefined--	--undefined--
S2_Male_sentence_04.wav	0.02	0.025	--undefined--	-200	--undefined--	1236.8379803769428	2240.514431443923	3367.0581264031216	4306.827628562264
S2_Male_sentence_04.wav	0.025	0.030000000000000002	--undefined--	-200	31.634929392955534	1233.7939442490383	2282.579363785364	3368.428380095761	4278.283901985185
S2_Male_sentence_04.wav	0.030000000000000002	0.035	--undefined--	-200	31.669496513269014	1225.3395309463579	2353.7496621491464	3371.960408818463	4230.654678074008
S2_Male_sentence_04.wav	0.035	0.04	--undefined--	-200	31.742018397466172	1211.987382184903	2237.163270153991	3376.166092702595	4314.146869876911
S2_Male_sentence_04.wav	0.04	0.045	--undefined--	-200	29.80892791735473	1259.2790273227472	2130.7589349938426	3312.859837903276	4438.501869389664
S2_Male_sentence_04.wav	0.045	0.049999999999999996	--undefined--	-200	27.959843501382288	867.2641106691138	1762.6610771353985	3024.5636979611654	4133.181658594861
S2_Male_sentence_04.wav	0.049999999999999996	0.05499999999999999	--undefined--	-200	27.78034181981373	861.5267562548026	1876.901425836207	3099.565306298252	4130.755276626484
S2_Male_sentence_04.wav	0.05499999999999999	0.05999999999999999	--undefined--	-200	28.816435920501757	1661.3081559069446	2661.4186937633494	3716.411694258259	4785.070223674881
S2_Male_sentence_04.wav	0.05999999999999999	0.06499999999999999	--undefined--	-200	30.005515310124796	1761.3592022805626	2004.8652495155893	3367.100394899264	4654.809198030192
S2_Male_sentence_04.wav	0.06499999999999999	0.06999999999999999	--undefined--	-200	29.055434134060697	1482.0865868668268	2266.4921076921314	3374.1613242759818	4466.0295102009495
S2_Male_sentence_04.wav	0.06999999999999999	0.075	--undefined--	-200	28.3200220088463	1369.502676060852	2454.7144087628776	3418.894917246977	4359.36144290526
S2_Male_sentence_04.wav	0.075	0.08	--undefined--	-200	28.226921343412744	1372.4082102753293	2573.624746926793	3441.844864491963	4283.293070882696
S2_Male_sentence_04.wav	0.08	0.085	--undefined--	-200	29.027841681131054	1401.482314654289	2726.7771420309177	3376.6904946027225	4205.240397537698
S2_Male_sentence_04.wav	0.085	0.09000000000000001	--undefined--	-200	29.410634080445877	1541.4429119861636	2875.8680736136444	2994.841782461219	4255.337442052885
S2_Male_sentence_04.wav	0.09000000000000001	0.09500000000000001	--undefined--	-200	28.434879753257942	833.3816528707089	2005.3857928862003	2886.379217336758	4244.185252241965
S2_Male_sentence_04.wav	0.09500000000000001	0.10000000000000002	--undefined--	-200	27.582249225920282	703.186284991697	1655.536598118936	2875.409119274371	4230.784079855006
S2_Male_sentence_04.wav	0.10000000000000002	0.10500000000000002	--undefined--	-200	26.96295170107864	919.7367838145121	1957.0982668551696	3214.519566000919	4233.105577226337
S2_Male_sentence_04.wav	0.10500000000000002	0.11000000000000003	--undefined--	-200	26.787834134306927	1085.998602708096	2605.8533648700804	3888.335306300369	4307.179532920346
S2_Male_sentence_04.wav	0.11000000000000003	0.11500000000000003	--undefined--	-200	27.020003909570768	1067.7878947435006	2583.007608503668	3818.428437312878	4671.374809512011
S2_Male_sentence_04.wav	0.11500000000000003	0.12000000000000004	--undefined--	-200	27.632103724327393	1034.7226095252117	2570.387069304698	3695.441874643944	4731.274505645437
S2_Male_sentence_04.wav	0.12000000000000004	0.12500000000000003	--undefined--	-200	28.642969859013967	1110.0876350678645	2459.663509697393	3511.8807843355094	4540.865904003966
S2_Male_sentence_04.wav	0.12500000000000003	0.13000000000000003	--undefined--	-200	29.09347185467775	1229.896678836452	2397.5225377968018	3456.861666286897	4432.948170110754
S2_Male_sentence_04.wav	0.13000000000000003	0.13500000000000004	--undefined--	-200	28.287219508306524	1320.0493792221612	2471.2586974199007	3595.9378108938	4624.187498020931
S2_Male_sentence_04.wav	0.13500000000000004	0.14000000000000004	--undefined--	-200	26.713426120300188	1364.198417320383	2458.185641162476	3505.4616172404394	4834.196847140352
S2_Male_sentence_04.wav	0.14000000000000004	0.14500000000000005	--undefined--	-200	24.81779289153296	1449.4577967842106	2735.8296530643684	3479.3249406964783	5010.407580228694
S2_Male_sentence_04.wav	0.14500000000000005	0.15000000000000005	--undefined--	-200	23.382346709720014	1396.0742101370495	2609.95499529749	3627.076675040818	4880.806809365473
S2_Male_sentence_04.wav	0.15000000000000005	0.15500000000000005	--undefined--	-200	22.559931526174566	1362.7653771774017	2375.4139777883556	3774.958029689438	4791.970915013428
S2_Male_sentence_04.wav	0.15500000000000005	0.16000000000000006	--undefined--	-200	22.284823573142106	1387.474605141763	2278.737207174047	3724.766537197434	4838.926437785832
S2_Male_sentence_04.wav	0.16000000000000006	0.16500000000000006	--undefined--	-200	21.37257023897555	931.7631606930058	1919.86992952482	3308.8655109712395	3959.725852408441
S2_Male_sentence_04.wav	0.16500000000000006	0.17000000000000007	--undefined--	-200	21.352650325581713	1015.1851312973073	2489.2485537310695	3854.954398887629	--undefined--
S2_Male_sentence_04.wav	0.17000000000000007	0.17500000000000007	--undefined--	-200	23.282851939171657	1037.3551115911634	2536.180135880339	3627.5314893983373	4244.502188449821
S2_Male_sentence_04.wav	0.17500000000000007	0.18000000000000008	--undefined--	-200	24.656660822082078	1229.5915567736236	2441.6689032137824	3448.6629703451954	4444.528065786981
S2_Male_sentence_04.wav	0.18000000000000008	0.18500000000000008	--undefined--	-200	25.616685382267345	1673.2877049098454	2596.911126145542	3944.065935116863	4884.075423639388
S2_Male_sentence_04.wav	0.18500000000000008	0.19000000000000009	--undefined--	-200	26.38214961894372	1571.4283437236522	2549.365890985573	3893.112580648303	4996.515890295588
S2_Male_sentence_04.wav	0.19000000000000009	0.1950000000000001	--undefined--	-200	27.106778998863557	1454.1176682168261	2417.5840577509293	3705.348588323439	4693.950752267634
S2_Male_sentence_04.wav	0.1950000000000001	0.2000000000000001	--undefined--	-200	27.826802709612142	1412.788411680385	2495.2883862013364	3476.76534873769	4449.116204358815
S2_Male_sentence_04.wav	0.2000000000000001	0.2050000000000001	--undefined--	-200	28.589172826247577	1435.815613095001	2653.2772376404914	3453.803902225502	4544.151896019947
S2_Male_sentence_04.wav	0.2050000000000001	0.2100000000000001	--undefined--	-200	29.014249171023657	1490.9778795781206	2744.4881045744487	3752.159028761989	4984.730954764444
S2_Male_sentence_04.wav	0.2100000000000001	0.2150000000000001	--undefined--	-200	28.845354757975787	1535.5828479608606	2767.2776608541603	4018.989880754881	--undefined--
S2_Male_sentence_04.wav	0.2150000000000001	0.2200000000000001	--undefined--	-200	27.776913971590727	775.0611594245397	2019.6371427694091	3280.708953951298	4086.771157670905
S2_Male_sentence_04.wav	0.2200000000000001	0.22500000000000012	--undefined--	-200	26.59060422459858	968.3965386941356	1918.4894876451353	2979.688074799016	4179.178549143999
S2_Male_sentence_04.wav	0.22500000000000012	0.23000000000000012	--undefined--	-200	26.970510836240337	1510.0331521302764	2390.984121916565	3405.8742966459354	4264.02935532045
S2_Male_sentence_04.wav	0.23000000000000012	0.23500000000000013	--undefined--	-200	27.195023204924013	1688.607198765572	3000.6355940887674	4228.092613146184	--undefined--
S2_Male_sentence_04.wav	0.23500000000000013	0.24000000000000013	--undefined--	-200	26.931659808539138	1574.2996888861232	2851.474025858556	3641.734373089752	4849.060407296415
S2_Male_sentence_04.wav	0.24000000000000013	0.24500000000000013	--undefined--	-200	25.937285404694105	968.8746395552294	2304.332143561367	3505.0718992614675	4810.757062730155
S2_Male_sentence_04.wav	0.24500000000000013	0.2500000000000001	--undefined--	-200	24.879949116436062	1232.7023953577382	1986.9040264881833	3421.804278009455	4768.914632428594
S2_Male_sentence_04.wav	0.2500000000000001	0.2550000000000001	--undefined--	-200	24.1948812957573	1257.456079467372	1774.5025373341755	3248.577974382935	4498.798568390393
S2_Male_sentence_04.wav	0.2550000000000001	0.2600000000000001	--undefined--	-200	23.715080847349334	396.9955135261814	1558.330079440552	2980.5534831936	4014.149316634232
S2_Male_sentence_04.wav	0.2600000000000001	0.2650000000000001	--undefined--	-200	23.739382968575335	688.3616451680365	1662.6189557298221	2951.272147856102	4234.675799748919
S2_Male_sentence_04.wav	0.2650000000000001	0.27000000000000013	--undefined--	-200	25.04862215475888	1197.264980083477	2178.8221176223497	3170.2357891197344	4419.472814190869
S2_Male_sentence_04.wav	0.27000000000000013	0.27500000000000013	--undefined--	-200	26.186796757366157	1519.5556643465	2057.8631293603753	3240.885269241476	4504.145306272233
S2_Male_sentence_04.wav	0.27500000000000013	0.28000000000000014	--undefined--	-200	26.816143702162353	1552.2936419944353	1871.3055230848206	3254.5124914154576	4553.726213578751
S2_Male_sentence_04.wav	0.28000000000000014	0.28500000000000014	--undefined--	-200	26.445312637547683	1352.1154565402678	2095.4480599400445	3329.096470846189	4592.139577351942
S2_Male_sentence_04.wav	0.28500000000000014	0.29000000000000015	--undefined--	-200	26.255689064414476	1324.9884091259444	2124.9369441142294	3438.4934401291807	4431.815401400977
S2_Male_sentence_04.wav	0.29000000000000015	0.29500000000000015	--undefined--	-200	27.061288997018856	1317.829552259049	2293.286617631338	3506.6614320324124	4426.036754028649
S2_Male_sentence_04.wav	0.29500000000000015	0.30000000000000016	--undefined--	-200	27.25272994690026	1317.903349390262	2383.438451225954	3536.9356487188975	4390.543496044062
S2_Male_sentence_04.wav	0.30000000000000016	0.30500000000000016	--undefined--	-200	28.508131560547017	1473.6273828010142	2507.241710734345	3645.1275591535214	4555.931277760609
S2_Male_sentence_04.wav	0.30500000000000016	0.31000000000000016	--undefined--	-200	34.242884548334956	1682.2998208873705	2526.8007297051818	3708.853631902907	4832.2216157998455
S2_Male_sentence_04.wav	0.31000000000000016	0.31500000000000017	--undefined--	-214.6043104055857	42.23133386814931	912.4634514293721	1266.8248999285981	2725.634599705407	3847.2318686355816
S2_Male_sentence_04.wav	0.31500000000000017	0.3200000000000002	109.28266274502538	-21.31609549536793	51.44555506362065	818.8406315287274	1201.7586653224407	2625.530719675964	3913.187656341542
S2_Male_sentence_04.wav	0.3200000000000002	0.3250000000000002	109.28266274502538	23.40396988116327	57.45852625743333	751.2175666501741	1216.5073554988323	2674.443171695974	3964.268310262544
S2_Male_sentence_04.wav	0.3250000000000002	0.3300000000000002	109.28266274502538	4.038255418193359	61.54278792418151	689.8285119091031	1196.2120651218843	2753.199616686202	3928.7970515950333
S2_Male_sentence_04.wav	0.3300000000000002	0.3350000000000002	109.68835158035691	0.5652779985420244	64.107523059819	678.9878054163634	1166.3140811083763	2832.869001385193	3878.9266048465765
S2_Male_sentence_04.wav	0.3350000000000002	0.3400000000000002	110.2107129712509	4.291551819855552	65.67633269471618	686.1664751261574	1149.6243002920164	2903.6317048873416	3892.804674564998
S2_Male_sentence_04.wav	0.3400000000000002	0.3450000000000002	110.73307436214489	6.058813594139637	66.41963925691607	689.0500899062902	1135.504087442719	2890.003073460825	3892.707087430834
S2_Male_sentence_04.wav	0.3450000000000002	0.3500000000000002	111.25543575303888	10.531671623038152	66.5918641673433	675.2784371373232	1110.3597840517389	2812.540865125738	3898.7626067542947
S2_Male_sentence_04.wav	0.3500000000000002	0.3550000000000002	111.77779714393287	6.541329887237498	66.51187724726852	656.9264761220849	1088.1422451250962	2684.449712615127	3880.0505955686003
S2_Male_sentence_04.wav	0.3550000000000002	0.3600000000000002	112.40780187960915	6.498332203644006	66.25403382760518	647.9449595218397	1082.450623735685	2551.1509158013178	3826.4744669124793
S2_Male_sentence_04.wav	0.3600000000000002	0.3650000000000002	113.06876389838341	4.581399690198366	65.77470928081746	657.4412485299719	1094.453512697678	2567.290437042574	3818.4826290108595
S2_Male_sentence_04.wav	0.3650000000000002	0.3700000000000002	113.72972591715767	6.878652422516639	64.9061254474522	727.472382940032	1103.0832612433571	2594.1752562540178	3833.2618941711376
S2_Male_sentence_04.wav	0.3700000000000002	0.3750000000000002	114.39068793593191	4.2901581612195026	63.53188841769392	711.7988336171105	1107.297106964724	2595.8468409076477	3843.4208724824052
S2_Male_sentence_04.wav	0.3750000000000002	0.3800000000000002	115.05164995470616	3.598162862729413	61.595071937497	675.1668351505168	1101.9255340066948	2613.1584184495596	3824.2758176153993
S2_Male_sentence_04.wav	0.3800000000000002	0.38500000000000023	114.81192546171441	4.102563668651465	59.094512820048095	717.5256568981499	1267.5698419388366	2741.5935209765375	3884.637308902893
S2_Male_sentence_04.wav	0.38500000000000023	0.39000000000000024	114.31317141716376	18.83166572917319	55.872438829862745	965.1976729580865	2451.7971695105884	3243.791404769923	4602.367246318846
S2_Male_sentence_04.wav	0.39000000000000024	0.39500000000000024	113.81441737261311	-164.0041302897947	52.787693385037414	835.6948958403868	2520.0507220566915	3332.2946964639164	4688.947144829929
S2_Male_sentence_04.wav	0.39500000000000024	0.40000000000000024	113.31566332806246	-203.9744793772711	50.173579029425106	814.5162397395115	2405.443733263669	3353.386923557955	4665.409290777826
S2_Male_sentence_04.wav	0.40000000000000024	0.40500000000000025	112.8169092835118	-200	49.019314973812925	903.8772059499846	2322.1944129967887	3418.92464560545	4619.137355856216
S2_Male_sentence_04.wav	0.40500000000000025	0.41000000000000025	112.70550957061333	-200	48.79416545313147	1016.4831072110765	2335.265220764943	3570.1712439472713	4651.757857791453
S2_Male_sentence_04.wav	0.41000000000000025	0.41500000000000026	112.70550957061333	-200	49.2573025216453	1003.792584870761	2353.5113247338345	3731.2033800344116	5131.340022231535
S2_Male_sentence_04.wav	0.41500000000000026	0.42000000000000026	--undefined--	-200	49.85692251140451	1134.6657784241054	2365.0285221498943	3799.0381574280123	5260.708808675933
S2_Male_sentence_04.wav	0.42000000000000026	0.42500000000000027	--undefined--	-200	50.44520711433707	1212.4363107851532	1785.907481377429	3131.648752606553	4533.9448139488095
S2_Male_sentence_04.wav	0.42500000000000027	0.43000000000000027	--undefined--	-200	50.798975579785605	1167.6073743451523	1286.8944166725432	2545.6973981333454	3820.2043945654395
S2_Male_sentence_04.wav	0.43000000000000027	0.4350000000000003	--undefined--	-213.77654835507542	50.66219626487696	1063.0423136968145	1506.034818091188	2774.5173999336457	3948.138656961022
S2_Male_sentence_04.wav	0.4350000000000003	0.4400000000000003	--undefined--	-17.57224220540817	49.95841824844407	1339.7094005917068	2446.91604985954	3652.351790444839	5032.0053416736155
S2_Male_sentence_04.wav	0.4400000000000003	0.4450000000000003	--undefined--	-160.1724824150814	48.47685481871756	1120.2158078446864	1623.574765621964	2896.4169939778517	4153.491402255537
S2_Male_sentence_04.wav	0.4450000000000003	0.4500000000000003	--undefined--	-203.96201463642123	47.03278343119414	1144.4101888674802	1299.8193674193017	2631.572836461108	3821.916942442063
S2_Male_sentence_04.wav	0.4500000000000003	0.4550000000000003	--undefined--	-200	46.18424263550009	1204.7580424292225	1346.0645067551259	2725.6708182366488	3845.7376788638767
S2_Male_sentence_04.wav	0.4550000000000003	0.4600000000000003	--undefined--	-200	45.662675584055826	1135.8465694144356	1517.7157823883672	2911.957088023173	3918.6585037462346
S2_Male_sentence_04.wav	0.4600000000000003	0.4650000000000003	--undefined--	-200	45.56327850860021	1369.355236080321	2390.5088014687794	3604.4640560807543	4694.846891615254
S2_Male_sentence_04.wav	0.4650000000000003	0.4700000000000003	--undefined--	-200	46.218102329452535	1409.3404714304413	2684.3119075942263	3662.5340458570563	4605.596332754457
S2_Male_sentence_04.wav	0.4700000000000003	0.4750000000000003	--undefined--	-200	46.70702079978916	1425.778405785724	2827.8507661024396	3660.5572812186824	4481.185123145607
S2_Male_sentence_04.wav	0.4750000000000003	0.4800000000000003	--undefined--	-200	46.728724145567924	1350.486032082111	2767.014488044688	3588.2385529956714	4388.7201832224955
S2_Male_sentence_04.wav	0.4800000000000003	0.4850000000000003	--undefined--	-200	45.54526075521401	1167.0468518929615	2504.4057222085	3467.134285791903	4333.725839037735
S2_Male_sentence_04.wav	0.4850000000000003	0.4900000000000003	--undefined--	-200	43.54881930714487	1132.2470663201934	2428.249241609168	3700.173903232774	4486.0683664946555
S2_Male_sentence_04.wav	0.4900000000000003	0.49500000000000033	--undefined--	-200	40.829515098901226	1204.2874807842527	2478.7410125688266	3884.5106584643872	4681.805899229676
S2_Male_sentence_04.wav	0.49500000000000033	0.5000000000000003	--undefined--	-200	40.1937296003635	1255.6783742550624	2547.3331290758565	3870.127598716567	4727.256044288324
S2_Male_sentence_04.wav	0.5000000000000003	0.5050000000000003	--undefined--	-200	40.62301145340865	1234.1170525036714	2550.350395959364	3774.0538221455436	4780.583985957587
S2_Male_sentence_04.wav	0.5050000000000003	0.5100000000000003	--undefined--	-200	39.955956441664796	1134.2144922616194	2482.7502167061057	3726.192771995566	4925.690405799254
S2_Male_sentence_04.wav	0.5100000000000003	0.5150000000000003	--undefined--	-213.70411153777138	40.35813180722055	1060.1216691322013	2585.7023676820154	3767.1901256440633	4827.908148217024
S2_Male_sentence_04.wav	0.5150000000000003	0.5200000000000004	--undefined--	-18.531443728304975	42.13025422534281	1191.5887600199728	2643.16958017788	3298.512532780934	4389.663416559561
S2_Male_sentence_04.wav	0.5200000000000004	0.5250000000000004	--undefined--	-174.2736970502345	45.02518678320708	1125.26718268754	2632.405541073517	3010.9685673781373	3636.0410176095766
S2_Male_sentence_04.wav	0.5250000000000004	0.5300000000000004	--undefined--	-33.676636372491394	47.389426977675555	1032.5114822891758	2581.2338646074945	2918.8997053036564	3097.515577713231
S2_Male_sentence_04.wav	0.5300000000000004	0.5350000000000004	--undefined--	7.786564647685864	48.02045400876953	1061.6546585694264	2526.7033836979945	2944.495760644801	3213.425213398998
S2_Male_sentence_04.wav	0.5350000000000004	0.5400000000000004	--undefined--	2.6477452513947144	47.52802643427917	1011.931117968566	2508.264093667201	3053.927233870603	3958.1542658164853
S2_Male_sentence_04.wav	0.5400000000000004	0.5450000000000004	--undefined--	16.34692458903438	46.58193377691419	906.991491340264	2252.64573098161	2984.9822865475176	3763.6843252042404
S2_Male_sentence_04.wav	0.5450000000000004	0.5500000000000004	--undefined--	-164.4466219056975	46.381587969904785	888.6184758622715	2210.9819829014905	2943.596634490505	3630.226591416687
S2_Male_sentence_04.wav	0.5500000000000004	0.5550000000000004	--undefined--	-203.9272817749401	46.984058432092894	921.8388968001391	2267.52404279926	2940.1715371643973	3626.755699353973
S2_Male_sentence_04.wav	0.5550000000000004	0.5600000000000004	--undefined--	-213.72848927296056	48.30407215220708	1032.5093730086528	2285.840697969104	2961.460825036871	3761.112882618608
S2_Male_sentence_04.wav	0.5600000000000004	0.5650000000000004	--undefined--	-31.908456789564156	49.411490660850085	1558.9910684859265	2340.349293702139	3014.116512762561	4311.477043989169
S2_Male_sentence_04.wav	0.5650000000000004	0.5700000000000004	--undefined--	21.100318373321546	50.14380532609355	1558.6240393148614	2380.0641415372666	3083.475806797819	4371.517469462141
S2_Male_sentence_04.wav	0.5700000000000004	0.5750000000000004	--undefined--	-178.0090349183634	50.298485211300815	1474.9759781341731	2379.8073169204267	3166.6389084311995	3846.8308143604822
S2_Male_sentence_04.wav	0.5750000000000004	0.5800000000000004	--undefined--	-22.96887927558569	49.71234637408428	1510.6132839266563	2372.51330897562	3153.004660613282	3592.334303050119
S2_Male_sentence_04.wav	0.5800000000000004	0.5850000000000004	--undefined--	-160.49050579323188	48.73138054593819	1709.5135906074827	2373.9004232874695	3013.995255681406	4098.942750157064
S2_Male_sentence_04.wav	0.5850000000000004	0.5900000000000004	--undefined--	-203.93037788486464	47.481229249552705	1712.6145620947086	2311.6046488475117	3033.7131488482873	4244.740699346626
S2_Male_sentence_04.wav	0.5900000000000004	0.5950000000000004	--undefined--	-213.4658582060749	49.18077972169185	1724.3421624587502	2316.232166576397	3312.33517556013	4682.684044036693
S2_Male_sentence_04.wav	0.5950000000000004	0.6000000000000004	--undefined--	-35.37527145415203	53.933926895216	952.7485645182675	2257.704176853121	3095.512659567466	4212.156894151393
S2_Male_sentence_04.wav	0.6000000000000004	0.6050000000000004	--undefined--	6.218090361945235	57.77880460490063	243.72618944500013	2120.46267726228	2743.786652559946	3592.308752405224
S2_Male_sentence_04.wav	0.6050000000000004	0.6100000000000004	--undefined--	7.494086849505192	60.67988279132418	254.11527271137092	1939.1556029418182	2590.09140599548	3507.3101719517163
S2_Male_sentence_04.wav	0.6100000000000004	0.6150000000000004	--undefined--	-0.8245460455071282	62.205450273266244	273.50238458617787	1853.4465203638433	2335.36734302249	3469.3986179878007
S2_Male_sentence_04.wav	0.6150000000000004	0.6200000000000004	146.00769339501488	-0.30242022262385404	63.20361336397878	285.6195430052173	1845.9279096564846	2398.9331467390425	3489.5209512235783
S2_Male_sentence_04.wav	0.6200000000000004	0.6250000000000004	146.00769339501488	2.2100334568620585	63.83942513155111	291.2879119061814	1853.335625492314	2353.93283602101	3519.8884269776813
S2_Male_sentence_04.wav	0.6250000000000004	0.6300000000000004	146.00769339501488	13.469493745612896	64.42437682940641	293.166341699741	1867.9151198439558	2323.6110465252295	3492.8486470903986
S2_Male_sentence_04.wav	0.6300000000000004	0.6350000000000005	146.0398971770861	19.609297889890968	64.87637197838693	293.82840369343927	1876.695220321654	2423.0732598131917	3378.1511491499127
S2_Male_sentence_04.wav	0.6350000000000005	0.6400000000000005	146.08136248480403	21.030944749222108	65.1951321984977	294.0738114812077	1821.7597831967641	2487.8658193800447	3268.954255694681
S2_Male_sentence_04.wav	0.6400000000000005	0.6450000000000005	146.122827792522	20.206542275774574	65.39268127807074	298.3813220867074	1706.1665631451635	2487.5693376930785	3333.859360837157
S2_Male_sentence_04.wav	0.6450000000000005	0.6500000000000005	146.16429310023995	19.961743992257116	65.473919522793	302.7463154811062	1594.1371674641275	2438.1756251640004	3419.0857431634427
S2_Male_sentence_04.wav	0.6500000000000005	0.6550000000000005	146.20575840795792	19.35031946904934	65.44586521206165	306.7348557753626	1505.2191141156457	2369.895317207601	3516.860541736189
S2_Male_sentence_04.wav	0.6550000000000005	0.6600000000000005	146.28226813061445	19.235448682259474	65.23757212804435	310.62792070302237	1449.1967652547594	2311.108671462241	3610.6982829701356
S2_Male_sentence_04.wav	0.6600000000000005	0.6650000000000005	146.368856320049	18.058810507914668	64.8866625331443	315.4062106519594	1429.9468582037193	2275.728363224367	3583.8504373300207
S2_Male_sentence_04.wav	0.6650000000000005	0.6700000000000005	146.4554445094835	17.37778028641959	64.45106403624007	323.21471874181566	1376.9228454105046	2269.3240212512433	3529.611204501598
S2_Male_sentence_04.wav	0.6700000000000005	0.6750000000000005	146.54203269891804	16.697977094575077	63.98250102713344	335.02047670088047	1326.0528154999386	2266.601835457213	3519.2327313758274
S2_Male_sentence_04.wav	0.6750000000000005	0.6800000000000005	146.62862088835254	15.210019016039496	63.49858431349239	351.23804849057007	1275.6054628124402	2257.4277964722896	3523.242225601325
S2_Male_sentence_04.wav	0.6800000000000005	0.6850000000000005	145.98848740022632	14.628542267183315	62.97854186446239	366.24901210792336	1218.7352400012635	2239.3704612361835	3521.881926039038
S2_Male_sentence_04.wav	0.6850000000000005	0.6900000000000005	145.13935512307913	13.337960485359096	62.60264220657712	354.07668371372426	1148.4217604736464	2227.711050225191	3579.295404690039
S2_Male_sentence_04.wav	0.6900000000000005	0.6950000000000005	144.29022284593194	11.47275443845532	62.509475406182176	320.20415510465784	1092.6600180559194	2252.1611898296483	3577.4124800469053
S2_Male_sentence_04.wav	0.6950000000000005	0.7000000000000005	143.44109056878474	11.594617647095058	62.417227052071674	641.2401457645942	1786.8369238586215	2948.1596234652293	4212.873611790036
S2_Male_sentence_04.wav	0.7000000000000005	0.7050000000000005	142.59195829163755	11.927008350214624	62.15181733659416	939.2988497031698	2508.441938877728	3662.3959048370334	4961.659009698809
S2_Male_sentence_04.wav	0.7050000000000005	0.7100000000000005	140.87386304863097	8.124868775827533	61.423507987312	923.6156669763212	2665.952029460326	3870.026457006285	5305.141308841017
S2_Male_sentence_04.wav	0.7100000000000005	0.7150000000000005	138.90586166799787	6.50711483571719	60.08779009685048	936.034836466901	2773.283723588783	4065.954692649913	--undefined--
S2_Male_sentence_04.wav	0.7150000000000005	0.7200000000000005	136.93786028736474	4.813072763569344	58.12510293831408	898.5007546559882	2282.9787136664763	3223.5188705220394	4227.891270600902
S2_Male_sentence_04.wav	0.7200000000000005	0.7250000000000005	134.96985890673162	19.00443592338854	55.533405355218164	923.4459652531176	2287.323523544613	2887.5346319628093	4277.323803635297
S2_Male_sentence_04.wav	0.7250000000000005	0.7300000000000005	133.00185752609852	-163.97576715336922	53.106125959354245	949.277098037171	2414.2935173873657	2877.0460567888726	4332.309147282174
S2_Male_sentence_04.wav	0.7300000000000005	0.7350000000000005	132.50111101084147	-203.97793172833838	51.39735031737319	921.0148552432313	2300.5641138631017	2877.228772899684	4354.794516805278
S2_Male_sentence_04.wav	0.7350000000000005	0.7400000000000005	132.42233414299886	-200	50.38077659712784	885.3961632727096	2312.5784927072737	2985.411177433436	4369.423705932706
S2_Male_sentence_04.wav	0.7400000000000005	0.7450000000000006	132.34355727515623	-213.81562775469496	50.20838800860227	943.436628713187	2290.565876890648	3016.2947839247013	4425.31755143831
S2_Male_sentence_04.wav	0.7450000000000006	0.7500000000000006	132.26478040731362	-30.823695127179306	51.19233009624692	1022.7968054770772	2103.455654051516	3038.664978777717	4467.728974188681
S2_Male_sentence_04.wav	0.7500000000000006	0.7550000000000006	132.18600353947102	8.326880982120898	53.17109642666925	867.7399517618018	1663.89926258094	3037.4045925886862	4120.232678885493
S2_Male_sentence_04.wav	0.7550000000000006	0.7600000000000006	131.14110348304297	6.338915106116118	55.95203488376676	447.7899334817193	1085.2271194509212	2953.5557334803893	3391.667884805395
S2_Male_sentence_04.wav	0.7600000000000006	0.7650000000000006	129.8183548599708	8.939318909069906	58.521593108009455	549.1027870207238	1113.2255123038585	2604.2578513112835	3700.7560984995307
S2_Male_sentence_04.wav	0.7650000000000006	0.7700000000000006	128.4956062368987	8.317292447199536	60.74484381816399	548.7337642043428	1104.134150358545	2471.791053421142	3732.521528455579
S2_Male_sentence_04.wav	0.7700000000000006	0.7750000000000006	127.17285761382658	10.216330356281283	62.42139114877561	541.3715435424548	1096.960575084251	2401.3803576005926	3778.2745001566223
S2_Male_sentence_04.wav	0.7750000000000006	0.7800000000000006	125.85010899075446	7.57414126876019	63.59546211823618	532.51013735574	1112.8250387837304	2369.0209847620636	3863.4580855354684
S2_Male_sentence_04.wav	0.7800000000000006	0.7850000000000006	124.32167420435064	8.919880010459131	64.32964517510918	519.707245961116	1152.8140595966058	2373.9135230226093	3966.0747062373953
S2_Male_sentence_04.wav	0.7850000000000006	0.7900000000000006	122.73408587900332	6.691333146268179	64.71796733740203	515.6105059993631	1162.3290768124984	2441.1750716377173	4034.693233654776
S2_Male_sentence_04.wav	0.7900000000000006	0.7950000000000006	121.14649755365599	9.409263776391835	64.86257372799172	508.6809531079559	1153.706106465722	2478.1505890294725	4099.596276323131
S2_Male_sentence_04.wav	0.7950000000000006	0.8000000000000006	119.55890922830866	11.545960137837296	64.79786679394971	500.5440302947905	1185.9611371903936	2502.560808347234	4239.728481361068
S2_Male_sentence_04.wav	0.8000000000000006	0.8050000000000006	117.97132090296131	11.467936899467269	64.54987350735298	495.7970888154419	1245.016322410541	2549.3193918981906	4349.594991705711
S2_Male_sentence_04.wav	0.8050000000000006	0.8100000000000006	116.39225402853809	13.01462432342499	64.16327072090955	496.384243008432	1320.5965616716137	2676.756883289181	4352.152523808685
S2_Male_sentence_04.wav	0.8100000000000006	0.8150000000000006	114.81563784876022	9.731313503216768	63.6660251725219	494.5566637141913	1456.2049375265092	3028.021310013271	4343.606046638519
S2_Male_sentence_04.wav	0.8150000000000006	0.8200000000000006	113.2390216689823	9.909706561169145	63.238858719040955	469.1678097829422	1487.1973405462813	2924.533019898057	4320.567913629786
S2_Male_sentence_04.wav	0.8200000000000006	0.8250000000000006	111.66240548920439	10.326773518912168	62.860248824234404	446.42689639039475	1461.8991775100305	2735.1416205072687	4325.746508155725
S2_Male_sentence_04.wav	0.8250000000000006	0.8300000000000006	110.08578930942646	11.462977674565689	62.523107064054805	426.32179515143275	1406.866009420711	2533.3012364122765	4334.039114585963
S2_Male_sentence_04.wav	0.8300000000000006	0.8350000000000006	108.76234342187779	9.101080919996177	62.034518434688714	405.3175267087459	1368.0412657964216	2393.811022800783	4322.7840255148085
S2_Male_sentence_04.wav	0.8350000000000006	0.8400000000000006	107.5117070928241	8.700593255445755	61.37484199932411	380.5639136311559	1467.7639257308044	2545.1725233348484	4308.977475220621
S2_Male_sentence_04.wav	0.8400000000000006	0.8450000000000006	106.26107076377046	9.143097897841624	60.64147934074959	354.953620883207	1521.6955946039016	2520.3331114660045	4008.3586359971555
S2_Male_sentence_04.wav	0.8450000000000006	0.8500000000000006	105.01043443471677	9.032541165731208	60.09254871913649	336.4985085708073	1707.2669102272837	3038.406371920387	4047.560139299587
S2_Male_sentence_04.wav	0.8500000000000006	0.8550000000000006	103.75979810566314	11.605366842903498	59.92748622806967	322.2421172189605	1966.7707451093902	3487.029562342742	4206.562145708843
S2_Male_sentence_04.wav	0.8550000000000006	0.8600000000000007	103.75660527576144	11.700224041861183	59.91543803541439	322.3361106565867	2181.072102153066	3379.1053722595498	4240.459983890519
S2_Male_sentence_04.wav	0.8600000000000007	0.8650000000000007	104.1121662697032	12.654324145544724	59.99170029030031	400.0135820576025	2135.073226710274	3240.973028756554	4229.439764238562
S2_Male_sentence_04.wav	0.8650000000000007	0.8700000000000007	104.46772726364492	13.810309407676018	60.03187947836831	409.5396462398362	2072.888518527523	3212.6661057525316	4358.89880053176
S2_Male_sentence_04.wav	0.8700000000000007	0.8750000000000007	104.82328825758667	16.393392810074367	60.082753335176086	272.42946581260264	1986.3844577623343	3234.8424947688045	4538.536272235316
S2_Male_sentence_04.wav	0.8750000000000007	0.8800000000000007	105.1788492515284	18.125006171912222	60.15192878471515	155.94009984201097	1906.9415550339436	3270.3381173861626	4619.5117869562555
S2_Male_sentence_04.wav	0.8800000000000007	0.8850000000000007	105.11785954760037	20.1866386816702	60.26677688155116	174.96558305551656	1858.6622617542496	3239.0359701883553	4487.782213261441
S2_Male_sentence_04.wav	0.8850000000000007	0.8900000000000007	104.93707351158436	22.996768189754622	60.39232099643363	160.05663208487815	1825.3890632211571	2894.5790533169243	4143.668021952897
S2_Male_sentence_04.wav	0.8900000000000007	0.8950000000000007	104.75628747556836	23.35061505447944	60.50644936287032	172.65693430354136	1992.7279714556194	3100.12758781635	4159.244480926158
S2_Male_sentence_04.wav	0.8950000000000007	0.9000000000000007	104.57550143955234	22.301065472574976	60.6230998841704	179.6676001503256	1946.2933655218017	3120.781957406962	4217.518860988359
S2_Male_sentence_04.wav	0.9000000000000007	0.9050000000000007	104.39471540353632	22.05841375732149	60.736161201058565	179.88040035932252	1873.6624585142238	3052.405538647912	4048.0053114694297
S2_Male_sentence_04.wav	0.9050000000000007	0.9100000000000007	104.12459150168388	21.28851618485134	60.83939561885182	172.86274406785213	1928.1026537452924	3032.0214423148973	3608.164577976957
S2_Male_sentence_04.wav	0.9100000000000007	0.9150000000000007	103.82877481213836	20.53412846013458	60.9044911305278	143.77696807211882	1861.8157354026264	2931.0543770349877	3569.890014782384
S2_Male_sentence_04.wav	0.9150000000000007	0.9200000000000007	103.53295812259283	21.23546448792437	60.926193104969606	1595.7457670863914	2915.541524156721	3262.481679240748	4491.202644656618
S2_Male_sentence_04.wav	0.9200000000000007	0.9250000000000007	103.23714143304731	21.186727519988725	60.908827793790394	1125.6734987179216	2713.9496099142534	3223.075593338698	4259.381797156149
S2_Male_sentence_04.wav	0.9250000000000007	0.9300000000000007	102.94132474350178	20.926104566956468	60.87591754622198	155.31132777728266	2150.3585345272195	2987.663709465879	3687.095212017784
S2_Male_sentence_04.wav	0.9300000000000007	0.9350000000000007	103.45181462697141	20.72184290005502	60.84246839651029	113.81674960053796	2134.494745026749	2803.428427566099	3625.286823997397
S2_Male_sentence_04.wav	0.9350000000000007	0.9400000000000007	104.19419121830069	19.61194480202445	60.84119262943743	155.13084858891156	2062.603100736366	2676.7224993454624	3652.8359211543043
S2_Male_sentence_04.wav	0.9400000000000007	0.9450000000000007	104.93656780962995	19.159686830155675	60.900411405590354	194.77004697283226	2073.3806778161947	2683.7936805165527	3679.442952942227
S2_Male_sentence_04.wav	0.9450000000000007	0.9500000000000007	105.6789444009592	17.640393195251153	61.07533389511922	207.77066172687628	2106.100373239132	2889.644555311429	3694.575816438418
S2_Male_sentence_04.wav	0.9500000000000007	0.9550000000000007	106.42132099228846	17.400469890230283	61.343456508653546	211.74605632170713	2107.9490599575556	2996.9179730416877	3712.731037839501
S2_Male_sentence_04.wav	0.9550000000000007	0.9600000000000007	107.73200682107088	18.203982112573105	61.693120497191295	221.95264555374663	2055.5926506072315	2802.405095193911	3715.7230592354526
S2_Male_sentence_04.wav	0.9600000000000007	0.9650000000000007	109.20613340865347	16.87812177509296	62.07005727099238	224.36741220425114	2014.8630442934127	2561.7797344749906	3558.0329632055527
S2_Male_sentence_04.wav	0.9650000000000007	0.9700000000000008	110.68025999623613	16.511781907747583	62.466269123331934	226.4722670929598	1894.8414647231882	2311.03563058098	3629.719667336588
S2_Male_sentence_04.wav	0.9700000000000008	0.9750000000000008	112.15438658381873	15.545208321136553	62.87269484597554	232.2900433600707	1844.6950443593655	2198.168626514692	3646.3972067048358
S2_Male_sentence_04.wav	0.9750000000000008	0.9800000000000008	113.62851317140138	15.024753210072124	63.25102696550017	238.6421531726026	1838.431518439788	2169.8714553688546	3640.786461000318
S2_Male_sentence_04.wav	0.9800000000000008	0.9850000000000008	114.3543242321027	12.763616104604052	63.554401466848056	242.87627476785957	1837.1091006046004	2180.0452565240594	3666.0825692620974
S2_Male_sentence_04.wav	0.9850000000000008	0.9900000000000008	114.8649263018617	12.834460815796914	63.73685366466246	247.50129808250225	1847.5512640556944	2319.818867332819	3693.4748440578664
S2_Male_sentence_04.wav	0.9900000000000008	0.9950000000000008	115.3755283716207	13.149212863847126	63.58446910027633	247.12107573748838	1838.5617303848476	2386.81817867937	3596.5254346339066
S2_Male_sentence_04.wav	0.9950000000000008	1.0000000000000007	115.8861304413797	12.545936608653586	63.02048126031246	243.98256805561655	1833.7588408638585	2463.925441060712	3541.303304294405
S2_Male_sentence_04.wav	1.0000000000000007	1.0050000000000006	116.3967325111387	10.142247083904023	61.81806662149323	242.79753917399933	1843.971614718357	2602.268066705583	3545.373644372058
S2_Male_sentence_04.wav	1.0050000000000006	1.0100000000000005	117.77093317562424	3.6095424855857807	60.30719219671978	248.83257100660495	1868.9021461736456	2827.838310883063	3601.0235558339737
S2_Male_sentence_04.wav	1.0100000000000005	1.0150000000000003	119.39349723158568	4.004386070362863	58.68308548633396	269.12192803152806	1879.1210891155868	3111.441771392798	3697.408744679335
S2_Male_sentence_04.wav	1.0150000000000003	1.0200000000000002	121.01606128754713	4.642944245215366	57.2757236953229	260.99110383983367	1868.7381761188924	3119.9940106365775	3665.0524882333048
S2_Male_sentence_04.wav	1.0200000000000002	1.0250000000000001	122.6386253435086	2.311417404499271	55.90905312975793	257.12473550011947	1881.4534739479313	3004.202830253727	3583.438864916816
S2_Male_sentence_04.wav	1.0250000000000001	1.03	124.26118939947004	3.4120013504238726	54.26086447575975	252.6434753412255	1903.9082455372993	3095.017130320308	3529.0056077584245
S2_Male_sentence_04.wav	1.03	1.035	124.62359883147047	18.631068265799108	52.38142202816562	244.26493982375527	1921.7828844548292	3428.7317290767937	3553.457409129693
S2_Male_sentence_04.wav	1.035	1.0399999999999998	124.62359883147047	-164.03067041932496	50.28315211432571	252.02062927964474	1945.7863604927215	2979.0878202136532	3635.803026845143
S2_Male_sentence_04.wav	1.0399999999999998	1.0449999999999997	--undefined--	-203.97107643558817	47.93771310164917	185.80023959513701	1873.8316948559552	2770.778330969414	3719.7024450220206
S2_Male_sentence_04.wav	1.0449999999999997	1.0499999999999996	--undefined--	-200	45.9075894824184	187.17344438129578	1810.5559509960071	2853.7344777735398	3750.0123373959377
S2_Male_sentence_04.wav	1.0499999999999996	1.0549999999999995	--undefined--	-200	44.582902823313965	210.88267835189916	1787.1579923033091	2973.0918016275646	3728.955487733848
S2_Male_sentence_04.wav	1.0549999999999995	1.0599999999999994	--undefined--	-200	44.07227493600175	209.4496221167072	1813.063112933461	2951.108268739716	3688.579417518605
S2_Male_sentence_04.wav	1.0599999999999994	1.0649999999999993	--undefined--	-200	44.13997311366565	218.31292072410076	1867.738895211397	3015.43393040804	3728.715454208827
S2_Male_sentence_04.wav	1.0649999999999993	1.0699999999999992	56.32761182451787	-200	44.349153101062136	221.1402857813863	1865.806657347961	3383.159078622321	3724.190373819154
S2_Male_sentence_04.wav	1.0699999999999992	1.074999999999999	56.32761182451787	-200	44.76771677498723	221.9052026973875	1894.3580193941143	3580.9406408362743	3680.9593082582887
S2_Male_sentence_04.wav	1.074999999999999	1.079999999999999	56.32761182451787	-200	45.46316315758938	237.6942201067098	1928.4099041571476	3302.7642563150184	3631.3658563472454
S2_Male_sentence_04.wav	1.079999999999999	1.0849999999999989	56.32761182451787	-200	46.83647185617957	271.0539753183015	1933.6971990003456	2587.907324764404	3614.538357218191
S2_Male_sentence_04.wav	1.0849999999999989	1.0899999999999987	56.32761182451787	-213.69184406838954	49.13486876013309	271.23992046081696	1895.549077665448	2492.2651431151653	3683.2990889171183
S2_Male_sentence_04.wav	1.0899999999999987	1.0949999999999986	--undefined--	-32.55282389442276	52.644215801006624	251.77745579095878	1869.449203712604	2669.068957729744	3693.193539977719
S2_Male_sentence_04.wav	1.0949999999999986	1.0999999999999985	--undefined--	9.066858451918979	55.64881931891894	236.11965622684255	1873.2856192988772	2733.1876947135324	3721.8089019240138
S2_Male_sentence_04.wav	1.0999999999999985	1.1049999999999984	--undefined--	7.775154903993862	57.985761866016574	226.30820563659495	1899.3337533950094	2641.8808390517243	3738.41047087061
S2_Male_sentence_04.wav	1.1049999999999984	1.1099999999999983	--undefined--	10.805515387313843	59.290222658220166	219.70219132698134	1931.8065875771522	2459.8439555095338	3723.1246153974553
S2_Male_sentence_04.wav	1.1099999999999983	1.1149999999999982	--undefined--	5.580874274528679	59.923388169162564	208.8038122868668	1942.6234090692083	2431.130537768086	3741.5936417781754
S2_Male_sentence_04.wav	1.1149999999999982	1.119999999999998	--undefined--	4.393144942193053	60.025716889439686	188.17926600212124	1929.0024939437083	2366.336206203837	3754.8506060275886
S2_Male_sentence_04.wav	1.119999999999998	1.124999999999998	--undefined--	2.5708273789351375	60.08572549255056	196.51037757014325	1904.5270785886817	2410.402214315882	3725.863798494065
S2_Male_sentence_04.wav	1.124999999999998	1.129999999999998	--undefined--	3.2634085585766806	60.01594848094137	222.423748250211	1884.8607620239745	2488.9672341697533	3680.1637528809756
S2_Male_sentence_04.wav	1.129999999999998	1.1349999999999978	--undefined--	1.2298243995640168	59.77344403257361	245.17124354621998	1879.010410437164	2544.061821748354	3652.9047421685304
S2_Male_sentence_04.wav	1.1349999999999978	1.1399999999999977	--undefined--	3.611687316606244	60.25024098538714	237.4063997422537	1873.8875672856873	2682.876513636532	3682.4272739071594
S2_Male_sentence_04.wav	1.1399999999999977	1.1449999999999976	101.08314771790842	3.6635235159289206	61.17873230237171	216.8496542951496	2028.693271780953	2352.8788255907516	3655.9182030279467
S2_Male_sentence_04.wav	1.1449999999999976	1.1499999999999975	101.08314771790842	3.3260760820049375	62.19068264702147	218.06189757247373	2073.1018197556755	2270.225231225308	3650.586050398708
S2_Male_sentence_04.wav	1.1499999999999975	1.1549999999999974	101.08314771790842	5.717766083745761	62.623442922316286	219.06479053141635	2011.590668012923	2338.7066652918506	3657.426578900827
S2_Male_sentence_04.wav	1.1549999999999974	1.1599999999999973	100.6904816979141	7.896233856443459	62.38316277342818	202.73862002761976	1908.9695017171491	2400.292248717359	3660.6827829822278
S2_Male_sentence_04.wav	1.1599999999999973	1.1649999999999971	100.18488836997946	13.426119119810359	61.883532700264965	194.41772538181928	1889.5453490966063	2493.5493650077583	3664.018908474208
S2_Male_sentence_04.wav	1.1649999999999971	1.169999999999997	99.67929504204483	14.844346059297447	61.36642786708096	182.1834556024635	1835.577059809952	2543.62229905624	3664.4324142266896
S2_Male_sentence_04.wav	1.169999999999997	1.174999999999997	99.1737017141102	14.688070452708276	61.037531600849306	179.25801872861484	1757.9160998866932	2501.717802832224	3670.2102549709525
S2_Male_sentence_04.wav	1.174999999999997	1.1799999999999968	98.66810838617558	14.589252528503405	60.89010379083765	185.27539229625575	1775.358729323108	2680.6050713038876	3823.3980128141106
S2_Male_sentence_04.wav	1.1799999999999968	1.1849999999999967	98.11022869625178	13.440795847703528	60.872032379137295	199.0233911524659	1933.0614485216738	3187.920640794485	4127.36504611728
S2_Male_sentence_04.wav	1.1849999999999967	1.1899999999999966	97.5373119066026	12.953922873377564	60.86250442129706	224.863400395177	1994.0375842975425	3303.633230374435	4071.606427493345
S2_Male_sentence_04.wav	1.1899999999999966	1.1949999999999965	96.9643951169534	11.625719257694682	61.0371817380468	229.5501168917004	2011.6485220756	3774.6993850784834	4144.10194839767
S2_Male_sentence_04.wav	1.1949999999999965	1.1999999999999964	96.39147832730421	10.022332811151148	61.41142768368021	251.3813685438447	2120.195606289108	3973.0787343645275	4375.508543452571
S2_Male_sentence_04.wav	1.1999999999999964	1.2049999999999963	95.81856153765503	10.799860350738058	61.90943404805447	269.7359833425236	1757.3516439073012	3477.5477913570294	4380.768691180549
S2_Male_sentence_04.wav	1.2049999999999963	1.2099999999999962	95.85278222490331	11.276555444909762	62.33083776036652	266.87908591761965	980.2974543284345	2598.827588102183	4082.217779324416
S2_Male_sentence_04.wav	1.2099999999999962	1.214999999999996	96.06161033251554	13.576748945905173	62.51972883019373	260.99829711599216	2240.9536215180374	3972.0527598215917	4614.485265592619
S2_Male_sentence_04.wav	1.214999999999996	1.219999999999996	96.27043844012776	15.416603379528919	62.68613473830493	263.238930157349	2328.9928778507356	3845.299611252389	4406.974582841779
S2_Male_sentence_04.wav	1.219999999999996	1.2249999999999959	96.47926654774	18.215144635111475	62.865427221264255	264.263929892691	2318.0818479024906	3700.97168265304	4321.512971163003
S2_Male_sentence_04.wav	1.2249999999999959	1.2299999999999958	96.68809465535223	21.173927809246578	63.14576713887373	263.5192336220603	2320.6411088088907	3598.777676560219	4322.8631384792025
S2_Male_sentence_04.wav	1.2299999999999958	1.2349999999999957	96.80847369931493	23.053102002822563	63.378318616044744	263.1099903083709	2319.1054075770517	3469.624630663892	4297.053718304264
S2_Male_sentence_04.wav	1.2349999999999957	1.2399999999999956	96.90341556730823	26.600622600532365	63.542817773343266	269.96341632004584	2311.444155757243	3489.203955531919	4299.101772794944
S2_Male_sentence_04.wav	1.2399999999999956	1.2449999999999954	96.99835743530151	24.6673915194237	63.70280461940338	260.2250666300866	2345.48407620064	3212.3363059842	4270.422210737523
S2_Male_sentence_04.wav	1.2449999999999954	1.2499999999999953	97.09329930329481	24.12187898925357	63.83846936714885	248.38366976350832	2526.293390815847	2956.722868488025	4262.6761262279515
S2_Male_sentence_04.wav	1.2499999999999953	1.2549999999999952	97.18824117128811	19.63511309901827	63.94332020848233	242.84574046752513	2419.9043092715506	2751.3569923432565	3985.921530526789
S2_Male_sentence_04.wav	1.2549999999999952	1.2599999999999951	97.06813552843587	16.569549831406857	63.94748722122833	247.00516866447373	1888.7582814747627	2574.913870842745	3411.069413817615
S2_Male_sentence_04.wav	1.2599999999999951	1.264999999999995	96.88618410509194	17.553231799289556	63.90903888345097	251.57416209443997	2008.6100514168986	2380.268904549006	3518.7522682875665
S2_Male_sentence_04.wav	1.264999999999995	1.269999999999995	96.70423268174802	18.030815252362874	63.94181794806648	255.30618527209012	1870.232869995182	2315.6878879653373	3514.101663161591
S2_Male_sentence_04.wav	1.269999999999995	1.2749999999999948	96.52228125840409	18.05856520938217	63.987810279606116	257.1803417685675	1700.6216010134528	2265.966412949395	3535.453705218542
S2_Male_sentence_04.wav	1.2749999999999948	1.2799999999999947	96.34032983506017	21.94555733748685	64.0291162224685	257.9985216158735	1546.2062222423742	2224.38207013468	3581.3091270804516
S2_Male_sentence_04.wav	1.2799999999999947	1.2849999999999946	95.8144310340292	23.38222220535766	64.00393688404074	257.93756198646315	1448.6104029241978	2196.538870980591	3629.18038778584
S2_Male_sentence_04.wav	1.2849999999999946	1.2899999999999945	95.1896159798526	25.551398872393648	63.919806162305214	253.88850990353183	1528.5814426209326	2180.7431221099073	3654.556821709849
S2_Male_sentence_04.wav	1.2899999999999945	1.2949999999999944	94.56480092567601	20.915861189247096	63.779126070421	257.87036540978545	1759.9512199857725	2152.953882502363	3615.622147044777
S2_Male_sentence_04.wav	1.2949999999999944	1.2999999999999943	93.9399858714994	18.25630407555289	63.52045230593787	253.62639402852665	1772.816935067687	2091.1813164067057	3552.647345109213
S2_Male_sentence_04.wav	1.2999999999999943	1.3049999999999942	93.31517081732281	14.676251927967039	63.04599701688483	250.21074504079021	1731.5682303381766	2030.452085945144	3570.4104519813172
S2_Male_sentence_04.wav	1.3049999999999942	1.309999999999994	92.81099729375624	12.841709649823477	62.19418507726656	251.32125668489505	1780.766009804031	2074.655419111833	3713.839624705968
S2_Male_sentence_04.wav	1.309999999999994	1.314999999999994	92.34151921767922	12.49173509714778	60.884719342762864	230.2970800157288	1739.8654273118266	2551.6177556025636	3811.545168011463
S2_Male_sentence_04.wav	1.314999999999994	1.3199999999999938	91.8720411416022	11.144384666061745	59.094209126676546	226.6394953323095	2008.2808465329315	3063.2594483524053	4024.1531662589186
S2_Male_sentence_04.wav	1.3199999999999938	1.3249999999999937	91.40256306552517	9.866629451470919	56.80673993266997	193.52041543015585	2148.4717404666035	3096.380903008488	4114.511817019553
S2_Male_sentence_04.wav	1.3249999999999937	1.3299999999999936	90.93308498944815	19.64597939491761	54.18121755956419	164.82800829768925	2186.756242165807	2817.5287935962447	4142.266361210663
S2_Male_sentence_04.wav	1.3299999999999936	1.3349999999999935	91.81943772841954	-164.11258597024502	51.32141164065617	174.76937614708518	2192.3591610477674	2487.6462800861573	4168.875398156767
S2_Male_sentence_04.wav	1.3349999999999935	1.3399999999999934	93.09571553391137	-203.97353301928433	48.17226313659202	224.2474109207496	2142.830561080301	2323.532394229238	4110.329045849742
S2_Male_sentence_04.wav	1.3399999999999934	1.3449999999999933	94.37199333940319	-200	45.36280262468435	237.1186648157793	1989.0236391260737	2395.1646575238447	3994.9942109925637
S2_Male_sentence_04.wav	1.3449999999999933	1.3499999999999932	95.648271144895	-200	44.18460832316417	232.351841622798	1951.2466139225378	2569.9663822444245	3952.265569876742
S2_Male_sentence_04.wav	1.3499999999999932	1.354999999999993	96.92454895038684	-200	43.70639362414406	223.93099993798472	2009.1350994702718	2833.9162403163496	3988.7594207757847
S2_Male_sentence_04.wav	1.354999999999993	1.359999999999993	97.20961326748822	-200	43.614782323568924	219.59819704942439	2099.698210931085	3141.8990008559635	4026.3803448919975
S2_Male_sentence_04.wav	1.359999999999993	1.3649999999999929	97.20961326748822	-200	42.83249566531579	207.79654553407323	2143.384452441442	3298.3104124695424	3761.1270886650686
S2_Male_sentence_04.wav	1.3649999999999929	1.3699999999999928	--undefined--	-200	41.763370491812545	197.602368866909	1940.5371127754609	3029.2318324551434	3975.673770861684
S2_Male_sentence_04.wav	1.3699999999999928	1.3749999999999927	--undefined--	-200	40.55184058245322	200.5298528430613	1830.7074964468695	2856.1460663105718	4023.0328304728264
S2_Male_sentence_04.wav	1.3749999999999927	1.3799999999999926	--undefined--	-200	39.7711246889261	208.2052415356333	1895.8393420641755	2899.9518184761846	4091.903752000454
S2_Male_sentence_04.wav	1.3799999999999926	1.3849999999999925	--undefined--	-200	39.492923129942334	214.15897477587887	2083.6948188908023	3109.474397794886	4293.822657534125
S2_Male_sentence_04.wav	1.3849999999999925	1.3899999999999924	--undefined--	-200	39.838810532122494	228.59108658406262	2034.1737244500605	3072.9125051446267	4082.703338807326
S2_Male_sentence_04.wav	1.3899999999999924	1.3949999999999922	--undefined--	-213.27915048519966	40.89758804025768	243.07405298111786	1961.281566891993	2881.4155123335827	3955.281599505938
S2_Male_sentence_04.wav	1.3949999999999922	1.3999999999999921	--undefined--	-37.44117631014815	42.62191467378012	360.039284382306	1967.203331922778	2933.05682750558	4024.6283785564306
S2_Male_sentence_04.wav	1.3999999999999921	1.404999999999992	--undefined--	0.4470599569917497	44.75095226144706	515.4048851534307	1980.8647288715238	3022.6458330061587	4101.389604921012
S2_Male_sentence_04.wav	1.404999999999992	1.409999999999992	--undefined--	4.1232256651737025	46.37749204097546	630.5479842993822	1935.2971285488043	2952.934643844927	4025.8390067007435
S2_Male_sentence_04.wav	1.409999999999992	1.4149999999999918	--undefined--	15.669942865029025	46.80406244527581	657.2009792182313	1856.3787788355446	2834.339706635028	3872.4008917633105
S2_Male_sentence_04.wav	1.4149999999999918	1.4199999999999917	--undefined--	-164.7848664485922	46.82006507962193	894.9702716891849	1901.0136442267983	2876.565245049186	3789.064618250771
S2_Male_sentence_04.wav	1.4199999999999917	1.4249999999999916	--undefined--	-203.8987682017223	46.69736647612674	1448.9235825327673	1926.112652768248	3058.6624741349256	4085.015853821005
S2_Male_sentence_04.wav	1.4249999999999916	1.4299999999999915	--undefined--	-200	46.93701714587522	1774.1711428579558	1931.890601107126	3064.9129087348697	4055.301630008685
S2_Male_sentence_04.wav	1.4299999999999915	1.4349999999999914	--undefined--	-200	47.54146248037701	1564.8825991458084	1939.3924762715149	2807.6837874303023	3494.5965926741274
S2_Male_sentence_04.wav	1.4349999999999914	1.4399999999999913	--undefined--	-200	48.36198782979935	1577.4137015461301	1970.4786710832745	3087.033490007264	4333.325213173967
S2_Male_sentence_04.wav	1.4399999999999913	1.4449999999999912	--undefined--	-200	48.10445971249846	1588.875362176864	1978.2073846908352	3076.5280379741444	4418.722917247768
S2_Male_sentence_04.wav	1.4449999999999912	1.449999999999991	--undefined--	-200	47.70945308522541	1570.5855986835966	1968.589703509748	3064.5716029535592	4368.584297024197
S2_Male_sentence_04.wav	1.449999999999991	1.454999999999991	--undefined--	-200	47.61258491216481	1570.888794755333	1968.9593937884144	3076.5196491520323	4283.9312180590105
S2_Male_sentence_04.wav	1.454999999999991	1.4599999999999909	--undefined--	-213.65222390277242	50.57826666553441	1613.249961342735	1977.565163509651	3086.7997998344545	4228.238646623294
S2_Male_sentence_04.wav	1.4599999999999909	1.4649999999999908	--undefined--	-32.98275729318331	55.06647961035406	1603.9058642131674	1883.0760331150502	3022.9303640174016	4384.483152231098
S2_Male_sentence_04.wav	1.4649999999999908	1.4699999999999906	136.404672800591	7.80950699113585	58.320416405945835	608.0264005045649	1840.0431575617251	2759.6658569064207	3870.7922422224424
S2_Male_sentence_04.wav	1.4699999999999906	1.4749999999999905	136.404672800591	6.604634874693111	60.4211278812241	236.4126851029736	1868.7230816298122	2629.9999602886087	3576.158467176481
S2_Male_sentence_04.wav	1.4749999999999905	1.4799999999999904	136.404672800591	2.9439576698456227	61.351110393299365	251.1685874179928	1893.8713861388228	2628.8042027019364	3483.3122974679304
S2_Male_sentence_04.wav	1.4799999999999904	1.4849999999999903	137.41257293324676	4.624547894404531	61.6382560449905	257.61066301394493	1859.0256890513597	2651.066927826048	3471.541552314484
S2_Male_sentence_04.wav	1.4849999999999903	1.4899999999999902	138.7103363157352	6.719827327200319	61.50864620155511	258.2145710922467	1812.4825801925576	2425.992476327305	3533.15217991443
S2_Male_sentence_04.wav	1.4899999999999902	1.4949999999999901	140.00809969822362	8.792435844999272	61.16915981475923	255.80196707888828	1773.9260955955651	2343.9378983087868	3555.5472515703063
S2_Male_sentence_04.wav	1.4949999999999901	1.49999999999999	141.30586308071204	12.490951460402695	60.6147839251494	254.98630850790008	1739.2216636978621	2416.3518613887904	3559.468621031326
S2_Male_sentence_04.wav	1.49999999999999	1.50499999999999	142.60362646320047	14.476315803084141	59.91836323075996	251.08479212470166	1744.5293014641563	2478.401218682575	3553.4079692463883
S2_Male_sentence_04.wav	1.50499999999999	1.5099999999999898	144.28203747943138	11.375802419797525	59.18905593218388	239.93309741440385	1800.7428259573194	2431.473877113392	3536.928169101193
S2_Male_sentence_04.wav	1.5099999999999898	1.5149999999999897	146.06991942098801	9.737389711095961	58.56372703837856	222.52071524229183	1821.5503052812653	2479.975636048855	3482.1052420602064
S2_Male_sentence_04.wav	1.5149999999999897	1.5199999999999896	147.85780136254465	10.781579982489852	58.054842130923426	206.3944642826192	1849.953300244656	2604.2749608550753	3466.6606934141346
S2_Male_sentence_04.wav	1.5199999999999896	1.5249999999999895	149.64568330410128	14.986379380577244	57.57312969819754	207.23284668423793	1914.6740152893453	2691.784182988548	3471.087551059374
S2_Male_sentence_04.wav	1.5249999999999895	1.5299999999999894	151.43356524565792	15.493430143971738	56.85148784842799	213.68370071220082	2020.3600669419423	2715.88641011383	3532.9545324416904
S2_Male_sentence_04.wav	1.5299999999999894	1.5349999999999893	151.83289942081663	13.609915327923286	55.71093641141094	199.69132593671225	2149.639184739548	2690.830754685586	3650.0668690192383
S2_Male_sentence_04.wav	1.5349999999999893	1.5399999999999892	151.83289942081663	10.643556158427383	53.65911342472769	99.51396462179207	2227.6055616511826	2718.4697148518453	3666.913833108984
S2_Male_sentence_04.wav	1.5399999999999892	1.544999999999989	--undefined--	21.845379836792915	51.041217864959734	1535.3019442166647	2681.05685209518	3430.146449007115	4593.632848664021
S2_Male_sentence_04.wav	1.544999999999989	1.549999999999989	--undefined--	-163.6611421997924	48.19736398449271	1070.589095053323	2541.674464197148	3268.2184333982277	4303.275025679712
S2_Male_sentence_04.wav	1.549999999999989	1.5549999999999888	--undefined--	-204.01963455515002	46.88296783634917	640.8366666583662	2274.1960331735645	2967.3147409224175	3961.9738330591317
S2_Male_sentence_04.wav	1.5549999999999888	1.5599999999999887	--undefined--	-200	47.24352032422738	1735.6587254756191	2361.464521945415	3162.495810842594	4477.761999752915
S2_Male_sentence_04.wav	1.5599999999999887	1.5649999999999886	--undefined--	-200	47.639244503460354	1854.2307612489528	2677.1351644448664	3066.5512352788164	4348.278807956926
S2_Male_sentence_04.wav	1.5649999999999886	1.5699999999999885	--undefined--	-200	47.7910371402859	1733.7077099356427	2572.543192848946	3052.992237767466	4398.453747695695
S2_Male_sentence_04.wav	1.5699999999999885	1.5749999999999884	--undefined--	-200	47.31723530442402	1378.2606652851355	2578.783150925083	3055.6186745106256	4493.621167085949
S2_Male_sentence_04.wav	1.5749999999999884	1.5799999999999883	--undefined--	-200	47.126323996408544	973.3470163987492	2303.9657873078872	3007.0937264796985	4265.662994424383
S2_Male_sentence_04.wav	1.5799999999999883	1.5849999999999882	--undefined--	-200	47.20221711382327	787.962445064775	1665.9514170769123	2901.5801522139	3674.1681339023603
S2_Male_sentence_04.wav	1.5849999999999882	1.589999999999988	--undefined--	-200	47.57121738506267	1312.5107922337502	2036.5501442598284	2935.63448139932	3855.0872723487482
S2_Male_sentence_04.wav	1.589999999999988	1.594999999999988	--undefined--	-200	47.915643296947756	1220.4629437850786	2140.9239012990297	3000.5797594735095	3866.205240876929
S2_Male_sentence_04.wav	1.594999999999988	1.5999999999999879	--undefined--	-200	48.19014801359542	1127.0620744589426	2197.472782103297	3013.5834354585977	3844.043574204974
S2_Male_sentence_04.wav	1.5999999999999879	1.6049999999999878	--undefined--	-200	48.63461809638586	1040.8063144582036	2246.523718406324	3019.9642916606317	3756.844399008131
S2_Male_sentence_04.wav	1.6049999999999878	1.6099999999999877	--undefined--	-200	48.86235001549095	936.1053944561501	2293.836718238422	3063.4338706890003	3596.205979435187
S2_Male_sentence_04.wav	1.6099999999999877	1.6149999999999876	--undefined--	-200	48.601520940066074	962.3122593734336	2310.229148547238	3123.1563942151515	3501.0171805622685
S2_Male_sentence_04.wav	1.6149999999999876	1.6199999999999875	--undefined--	-200	48.34506484255085	971.954384126535	2363.4002635685124	3115.4739412085196	3384.197623417513
S2_Male_sentence_04.wav	1.6199999999999875	1.6249999999999873	--undefined--	-200	48.234184695840604	895.0958098597554	2351.2464385035055	3015.4931735826885	3495.2990683368635
S2_Male_sentence_04.wav	1.6249999999999873	1.6299999999999872	--undefined--	-200	48.58726711273254	836.4951194653088	2315.8587202025997	2948.5087158914066	3620.252477949631
S2_Male_sentence_04.wav	1.6299999999999872	1.6349999999999871	--undefined--	-213.69337127680893	49.04639787782224	867.120365068985	2286.846346247829	2998.4462981716056	3592.6325546438593
S2_Male_sentence_04.wav	1.6349999999999871	1.639999999999987	--undefined--	-32.448480270511794	49.489070334418976	867.4007687529187	2178.217273871153	3049.025420654636	3621.9968438138753
S2_Male_sentence_04.wav	1.639999999999987	1.644999999999987	--undefined--	8.18650421279881	49.59695430272489	842.3815181719021	2196.1409797737238	3052.561814349648	3582.045912993747
S2_Male_sentence_04.wav	1.644999999999987	1.6499999999999868	--undefined--	4.866603760165849	49.254322729161785	889.0635342357725	2250.359755715301	3061.925768948636	3585.030863464594
S2_Male_sentence_04.wav	1.6499999999999868	1.6549999999999867	--undefined--	19.045657997175866	48.327463772555404	956.4825439166267	2328.1330315383125	3115.6139471214774	3746.6368335059155
S2_Male_sentence_04.wav	1.6549999999999867	1.6599999999999866	--undefined--	-163.99681024077185	47.18835927930006	986.1549322475609	2406.6935929254487	3205.8369987029864	3989.7406783594524
S2_Male_sentence_04.wav	1.6599999999999866	1.6649999999999865	--undefined--	-203.9765358088928	46.05235044003201	963.5807349255671	2393.548816258576	3179.864692693205	3591.757500708515
S2_Male_sentence_04.wav	1.6649999999999865	1.6699999999999864	--undefined--	-200	45.36274017673317	957.0861995998102	2356.8680232115153	3071.925730856503	3620.4529385237897
S2_Male_sentence_04.wav	1.6699999999999864	1.6749999999999863	--undefined--	-200	44.70892639019096	885.0206978370763	2307.900650877781	3032.616061376459	3671.196384330909
S2_Male_sentence_04.wav	1.6749999999999863	1.6799999999999862	--undefined--	-200	44.168089857489946	854.8992719415253	2272.35584097413	3022.79463700771	3702.540301315861
S2_Male_sentence_04.wav	1.6799999999999862	1.684999999999986	--undefined--	-200	44.78280368071939	976.6160047826895	2304.480153359481	3018.1756277034783	3719.467574640276
S2_Male_sentence_04.wav	1.684999999999986	1.689999999999986	--undefined--	-200	46.04152542076467	1298.2405392996382	2560.001424353979	3142.502117403945	3708.284548087273
S2_Male_sentence_04.wav	1.689999999999986	1.6949999999999859	--undefined--	-200	47.7684728797457	570.4931469433368	2416.116832896989	3129.5835080838146	3849.834295438593
S2_Male_sentence_04.wav	1.6949999999999859	1.6999999999999857	--undefined--	-200	48.02597213082098	304.3329762975901	2434.460950278399	2826.847832455348	3718.078039738067
S2_Male_sentence_04.wav	1.6999999999999857	1.7049999999999856	--undefined--	-200	46.67054936948492	708.075601689766	2540.734239567047	2793.9565578677093	3880.9537732851886
S2_Male_sentence_04.wav	1.7049999999999856	1.7099999999999855	--undefined--	-200	43.26404977157626	1551.3822069146815	2643.308186093653	3323.4541649743946	4604.084091024533
S2_Male_sentence_04.wav	1.7099999999999855	1.7149999999999854	--undefined--	-200	38.58683776533248	1837.1381726986135	2909.26184542658	3525.6600234123225	4714.023583875251
S2_Male_sentence_04.wav	1.7149999999999854	1.7199999999999853	--undefined--	-200	33.33951357217641	761.1552802613994	2312.7775671917243	3092.7206961258403	3943.733525534693
S2_Male_sentence_04.wav	1.7199999999999853	1.7249999999999852	--undefined--	-200	31.231290053585038	337.583022227328	2187.114788078774	2887.1775486189767	3619.4092436942283
S2_Male_sentence_04.wav	1.7249999999999852	1.729999999999985	--undefined--	-200	30.579018319034617	325.0500968979243	2317.188821994271	2959.3718694594327	3546.9646312148016
S2_Male_sentence_04.wav	1.729999999999985	1.734999999999985	--undefined--	-200	30.62019801428955	289.63957558205936	2345.3295946524167	3163.395811780553	3499.5387172378496
S2_Male_sentence_04.wav	1.734999999999985	1.739999999999985	--undefined--	-200	30.374262436727772	269.06029209735937	2188.6619258861438	3111.9928745382836	3907.5756526557598
S2_Male_sentence_04.wav	1.739999999999985	1.7449999999999848	--undefined--	-200	29.983174680348093	961.2468377457051	2238.933091178897	3081.2865388524474	4048.5360860671485
S2_Male_sentence_04.wav	1.7449999999999848	1.7499999999999847	--undefined--	-200	29.52916806074633	1379.627168696095	2356.4072518037783	3055.217147442688	4066.029183131428
S2_Male_sentence_04.wav	1.7499999999999847	1.7549999999999846	--undefined--	-200	30.028079700552137	1482.255027089903	2457.987399526474	3101.874505349459	4120.619215991245
S2_Male_sentence_04.wav	1.7549999999999846	1.7599999999999845	--undefined--	-200	31.654672384225762	1423.6320506415295	2525.387442272726	3214.097094636491	4287.636468134651
S2_Male_sentence_04.wav	1.7599999999999845	1.7649999999999844	--undefined--	-200	34.21287318042609	1528.1732624473827	2732.87576115595	3097.588179431496	4354.147218943053
S2_Male_sentence_04.wav	1.7649999999999844	1.7699999999999843	--undefined--	-200	36.84598988009368	1591.589671126504	2934.564443537374	3197.2993264621837	4428.417909339276
S2_Male_sentence_04.wav	1.7699999999999843	1.7749999999999841	--undefined--	-200	38.92166424932029	1664.9819145718902	3011.582684365524	3437.234766690149	4638.699651442958
S2_Male_sentence_04.wav	1.7749999999999841	1.779999999999984	--undefined--	-200	41.00308328200127	1436.2358986479333	2776.9006309438205	3432.564019252567	4436.371362930523
S2_Male_sentence_04.wav	1.779999999999984	1.784999999999984	--undefined--	-200	42.88639366066204	869.6602540967579	2282.837662464757	3044.95720332742	3652.0430450606964
S2_Male_sentence_04.wav	1.784999999999984	1.7899999999999838	--undefined--	-200	44.232872630509284	995.6900156872091	2382.878084297027	3073.352812881756	3652.819964765082
S2_Male_sentence_04.wav	1.7899999999999838	1.7949999999999837	--undefined--	-200	44.84182251663696	1118.8419148397684	2359.510229008325	3070.7926172399157	3598.45009368793
S2_Male_sentence_04.wav	1.7949999999999837	1.7999999999999836	--undefined--	-200	44.78491589506842	1091.8635177337953	2230.0041635279817	3068.7633436182255	3646.029980401607
S2_Male_sentence_04.wav	1.7999999999999836	1.8049999999999835	--undefined--	-200	44.88071721513961	1085.9913654306351	2135.5451457208746	3063.228088676055	3709.109581339465
S2_Male_sentence_04.wav	1.8049999999999835	1.8099999999999834	--undefined--	-200	45.14868956163116	1201.7580184914298	2172.700242393739	3059.025612149365	3707.6822334803064
S2_Male_sentence_04.wav	1.8099999999999834	1.8149999999999833	--undefined--	-200	45.70061710466844	1154.6252015664475	2241.155108307852	3108.90972331762	3697.2243306009427
S2_Male_sentence_04.wav	1.8149999999999833	1.8199999999999832	--undefined--	-213.747353335236	46.06754210709007	1102.0014947032207	2304.2777971618752	3166.6689960404087	3465.138425903907
S2_Male_sentence_04.wav	1.8199999999999832	1.824999999999983	--undefined--	-17.958839914480656	46.35150544440903	1074.8184284397869	2314.3034186427644	3153.903012403228	3533.834512925716
S2_Male_sentence_04.wav	1.824999999999983	1.829999999999983	--undefined--	-173.9931667891518	46.72767968517163	1113.1375042182765	2212.707984866921	3101.8785543653844	3694.7192530268235
S2_Male_sentence_04.wav	1.829999999999983	1.8349999999999829	--undefined--	-22.05905598913044	47.22653869213571	1255.4164357149712	2073.7951531232266	3056.688101649463	3778.882685055033
S2_Male_sentence_04.wav	1.8349999999999829	1.8399999999999828	--undefined--	-160.28888930634363	47.86143950766204	1549.3865954378075	2422.4263905769944	3058.879420132223	4113.316325567881
S2_Male_sentence_04.wav	1.8399999999999828	1.8449999999999827	--undefined--	-203.95043455727168	48.66847972420516	1321.8966564885093	2428.6346074499074	3095.093281786561	4321.559182761358
S2_Male_sentence_04.wav	1.8449999999999827	1.8499999999999825	--undefined--	-213.46628767546187	49.448923086590945	1040.0556702858578	2410.2042703269553	3115.707616346873	4276.521340561306
S2_Male_sentence_04.wav	1.8499999999999825	1.8549999999999824	--undefined--	-35.16927109349486	50.07650609058832	852.8285137385494	2372.215682619255	3099.754443905441	4058.068633433295
S2_Male_sentence_04.wav	1.8549999999999824	1.8599999999999823	--undefined--	4.016002667849002	50.35549360821208	829.8452084630653	2292.059704439311	3041.673830618447	3806.9750745573283
S2_Male_sentence_04.wav	1.8599999999999823	1.8649999999999822	--undefined--	0.7794692157252516	50.198670905095554	948.4458252424179	2195.656815785744	2966.6446690812754	3751.4448284917385
S2_Male_sentence_04.wav	1.8649999999999822	1.8699999999999821	--undefined--	13.926327963549994	49.25321753036545	1274.6561926962015	1842.7402316219232	2939.2051023697068	3748.8521622169956
S2_Male_sentence_04.wav	1.8699999999999821	1.874999999999982	--undefined--	-164.8786687235538	48.58319813957767	1430.7960195571568	2021.0973026061547	2974.91764355384	3855.934074468825
S2_Male_sentence_04.wav	1.874999999999982	1.879999999999982	--undefined--	-217.40948663784138	48.64168806742962	1431.8910585186582	2302.7977983583723	3030.6703011352715	4087.3634905191157
S2_Male_sentence_04.wav	1.879999999999982	1.8849999999999818	--undefined--	-34.33503656666912	51.32808672318928	1251.1253400908022	2196.309863013689	3009.5778864353947	4261.7473790129
S2_Male_sentence_04.wav	1.8849999999999818	1.8899999999999817	--undefined--	4.021201249398292	54.26678936444476	486.52593583399414	1548.5368084784573	2649.7998144961034	3543.5544285106553
S2_Male_sentence_04.wav	1.8899999999999817	1.8949999999999816	142.64604450265998	1.2887939259043266	55.9922391728117	419.48625876936563	1346.3430191393659	2551.704774304055	3629.0779183323566
S2_Male_sentence_04.wav	1.8949999999999816	1.8999999999999815	142.64604450265998	2.0591580125159177	56.398425650295934	442.9912318543729	1239.8913111251961	2630.505579047403	3730.720426066469
S2_Male_sentence_04.wav	1.8999999999999815	1.9049999999999814	142.64604450265998	1.5376045938804146	55.7577294097781	548.2627209629445	1507.183432809459	2782.8700205594096	3828.947626040128
S2_Male_sentence_04.wav	1.9049999999999814	1.9099999999999813	142.64604450265998	3.8754052551325553	54.55399693473164	738.0085917265062	2142.1876605401517	2897.3230076403775	3945.6554736308085
S2_Male_sentence_04.wav	1.9099999999999813	1.9149999999999812	142.64604450265998	5.800600049661984	52.82096512214263	783.2527683518202	1929.4173021785225	2847.535208308954	3875.413353439159
S2_Male_sentence_04.wav	1.9149999999999812	1.919999999999981	--undefined--	20.630641493662083	50.51737523338072	820.5591510109431	2418.038143799741	2942.7398304810117	3881.929933541268
S2_Male_sentence_04.wav	1.919999999999981	1.924999999999981	--undefined--	-163.7205483003804	46.93193803576664	870.9273419906004	2636.3827559930164	3043.394307460335	3919.2076456635064
S2_Male_sentence_04.wav	1.924999999999981	1.9299999999999808	--undefined--	-204.00619065943923	43.242200555670465	936.1461755530315	2690.2121936895146	3165.8749043553607	3982.505831223951
S2_Male_sentence_04.wav	1.9299999999999808	1.9349999999999807	--undefined--	-200	40.15358441190018	998.037280556867	2763.627453397987	3317.7482892043627	4074.9014928302636
S2_Male_sentence_04.wav	1.9349999999999807	1.9399999999999806	--undefined--	-200	39.04453320697821	979.5945713813721	2772.6704287801313	3405.962713744735	4212.962789180538
S2_Male_sentence_04.wav	1.9399999999999806	1.9449999999999805	--undefined--	-200	39.41521116760604	917.8696715710845	2631.620276135309	3289.8524770401777	4359.547855091896
S2_Male_sentence_04.wav	1.9449999999999805	1.9499999999999804	--undefined--	-200	40.38437878507012	912.408474398745	2674.928327991394	3221.909120016032	4439.960320788748
S2_Male_sentence_04.wav	1.9499999999999804	1.9549999999999803	--undefined--	-200	41.975284894126915	919.1409483730674	2378.3963239643217	3147.997739134942	4198.964283807481
S2_Male_sentence_04.wav	1.9549999999999803	1.9599999999999802	--undefined--	-200	44.051413402623574	910.9307486928309	1614.592935264234	3036.7752495646614	3639.3064059065564
S2_Male_sentence_04.wav	1.9599999999999802	1.96499999999998	--undefined--	-200	46.04088196043139	989.2108275202356	1963.3657008662399	3080.465752128366	3676.691082563613
S2_Male_sentence_04.wav	1.96499999999998	1.96999999999998	--undefined--	-213.69515105379944	47.744536350971465	999.7707240484572	1941.5127217566014	3243.081570430538	3679.117341424643
S2_Male_sentence_04.wav	1.96999999999998	1.9749999999999799	--undefined--	-32.38286549675341	48.974584918512406	952.6925968664095	1937.866727264615	3356.678042334974	3773.3465238091576
S2_Male_sentence_04.wav	1.9749999999999799	1.9799999999999798	--undefined--	7.708028906394297	49.39409287375198	912.2690809657214	2045.9346721383108	3405.140699022195	3880.992045860448
S2_Male_sentence_04.wav	1.9799999999999798	1.9849999999999797	--undefined--	3.9172190495643537	49.23021634069121	924.0041860582253	2257.5442582207916	3428.4602769529774	3941.765120845455
S2_Male_sentence_04.wav	1.9849999999999797	1.9899999999999796	--undefined--	3.3181594755981494	48.78651973614423	948.1873462631407	2378.5930098428707	3577.7680061850747	4054.5057130810396
S2_Male_sentence_04.wav	1.9899999999999796	1.9949999999999795	--undefined--	2.881644452606757	48.70432069712215	996.5575894165775	2393.9352528999348	3612.6813493646687	4305.651445726207
S2_Male_sentence_04.wav	1.9949999999999795	1.9999999999999793	--undefined--	1.310566917717734	49.04771202501121	1045.4267578331537	2452.3273987238313	3622.247557584489	4506.636019806924
S2_Male_sentence_04.wav	1.9999999999999793	2.0049999999999795	--undefined--	0.8867274961054874	49.25424461597852	1054.6667342251726	2501.5161356958174	3644.4459655679257	4613.337955648715
S2_Male_sentence_04.wav	2.0049999999999795	2.0099999999999794	--undefined--	15.870009630368793	49.124748774344305	1020.4018129895145	2482.84299576331	3689.0497474961967	4649.11798046839
S2_Male_sentence_04.wav	2.0099999999999794	2.0149999999999793	--undefined--	-164.4617069109204	48.45613042154196	1063.5042613910023	2404.4066730752834	3696.3833641601045	4783.162963793232
S2_Male_sentence_04.wav	2.0149999999999793	2.019999999999979	--undefined--	-203.92271917619865	47.53964898409891	1233.3802611773174	2433.7911514166626	3666.0854855119273	4766.505283577172
S2_Male_sentence_04.wav	2.019999999999979	2.024999999999979	--undefined--	-200	46.45993603004365	1321.9729786105772	2487.3113450215415	3650.839786432988	4758.430330245084
S2_Male_sentence_04.wav	2.024999999999979	2.029999999999979	--undefined--	-200	45.04457975081984	1365.9886504301896	2534.8261746321346	3628.245638982343	4744.926186882858
S2_Male_sentence_04.wav	2.029999999999979	2.034999999999979	--undefined--	-200	45.21153991478943	1400.231968763001	2552.0638861233256	3602.0864789170696	4707.321800331123
S2_Male_sentence_04.wav	2.034999999999979	2.0399999999999787	--undefined--	-213.5330241144973	47.42593191956894	1327.5638747832108	2505.101355408601	3702.580306576233	4691.622999837398
S2_Male_sentence_04.wav	2.0399999999999787	2.0449999999999786	124.53599286413167	-34.335163496145995	52.463967491326876	1328.340755701861	2562.9198661831024	3926.420282875681	4765.441289231894
S2_Male_sentence_04.wav	2.0449999999999786	2.0499999999999785	124.53599286413167	4.204073323791355	57.604249035457016	850.3651635283543	1973.7918497355474	3416.6723616379754	4343.697451588313
S2_Male_sentence_04.wav	2.0499999999999785	2.0549999999999784	124.53599286413167	9.561887423392104	61.006837200436806	430.1191398522007	1414.5246118369444	2846.8749546786803	3881.040800669161
S2_Male_sentence_04.wav	2.0549999999999784	2.0599999999999783	124.06772780531334	3.488280526456171	63.237595746377856	476.8565088456506	1422.940107233338	2787.369410651138	3776.7975444436465
S2_Male_sentence_04.wav	2.0599999999999783	2.064999999999978	123.46479381716722	3.1450542255014216	64.48659669609488	486.22728926400015	1425.0113427892506	2754.752749614171	3767.2192587628133
S2_Male_sentence_04.wav	2.064999999999978	2.069999999999978	122.86185982902113	5.593250144392384	65.0696311126653	486.9836947494384	1412.980510151001	2758.723062366641	3775.3395220976777
S2_Male_sentence_04.wav	2.069999999999978	2.074999999999978	122.25892584087501	11.803988961761391	65.11970191053135	484.80544829603775	1403.0495643937468	2749.077006693312	3765.1501277130815
S2_Male_sentence_04.wav	2.074999999999978	2.079999999999978	121.65599185272893	10.686205623720948	64.70216700078332	479.7198378082039	1423.7027403255413	2721.610515423983	3788.393580526992
S2_Male_sentence_04.wav	2.079999999999978	2.0849999999999778	120.85686238989899	10.838726772009629	63.93342699988981	471.72378052866475	1481.0990989042318	2692.391108033716	3887.6046092262955
S2_Male_sentence_04.wav	2.0849999999999778	2.0899999999999777	120.00130882704912	13.06784023500776	62.805546943332175	462.7882527330426	1505.3623189388522	2723.4389490879635	4042.9891414938566
S2_Male_sentence_04.wav	2.0899999999999777	2.0949999999999775	119.14575526419918	10.457095946818503	61.32696254535546	455.3626571418208	1580.2991315910226	2851.7708418689263	3976.098431077696
S2_Male_sentence_04.wav	2.0949999999999775	2.0999999999999774	118.2902017013493	7.901213943108529	59.457783896782914	416.2792091907498	1604.1389653343565	2951.22023043719	3977.1791518460054
S2_Male_sentence_04.wav	2.0999999999999774	2.1049999999999773	117.43464813849936	4.091748311153352	57.3009907372509	387.0515715608732	1606.2548866761456	2973.916460461211	4044.4906740677875
S2_Male_sentence_04.wav	2.1049999999999773	2.1099999999999772	113.94269550725892	1.1508297303111497	55.037967815776994	400.27736791002246	1618.4853003215171	2962.6865520620295	4091.747361977047
S2_Male_sentence_04.wav	2.1099999999999772	2.114999999999977	109.6925375964758	3.021202295509391	52.67376719803808	427.08120078164035	1616.0703384883468	3225.3836566677996	3885.6866679126642
S2_Male_sentence_04.wav	2.114999999999977	2.119999999999977	105.44237968569298	18.330265026504186	50.2366817155277	443.8137483713967	1534.6251710565464	3064.377741359328	3856.7928632970556
S2_Male_sentence_04.wav	2.119999999999977	2.124999999999977	101.19222177490987	-164.08410836524524	47.730902373355875	450.86742261727204	1530.487704573871	3047.481618106514	3870.54714117637
S2_Male_sentence_04.wav	2.124999999999977	2.129999999999977	96.94206386412705	-203.96524702552304	45.646398433120105	453.463833853602	1703.6322548518342	3312.7102976935735	4030.377406912334
S2_Male_sentence_04.wav	2.129999999999977	2.1349999999999767	95.99276555523616	-200	44.344163282574584	452.30872736424186	1980.8510308497025	3763.153776997132	4339.989147862268
S2_Male_sentence_04.wav	2.1349999999999767	2.1399999999999766	95.99276555523616	-200	43.523420939075514	429.08630533071533	1745.617587023864	3746.4262621267217	4373.997360856463
S2_Male_sentence_04.wav	2.1399999999999766	2.1449999999999765	--undefined--	-200	42.846477620079625	388.78264999225695	1596.7441053396822	3712.270155872492	4187.4988288543045
S2_Male_sentence_04.wav	2.1449999999999765	2.1499999999999764	--undefined--	-200	41.71223456960249	412.1139578856642	1512.2224429325497	3515.359893369988	3923.944788993313
S2_Male_sentence_04.wav	2.1499999999999764	2.1549999999999763	--undefined--	-200	40.0377573273489	456.996689090423	1482.3577693100176	3199.0225836038003	3768.899777260925
S2_Male_sentence_04.wav	2.1549999999999763	2.159999999999976	--undefined--	-200	37.92117649696383	480.2735116923935	1484.2902954501553	2863.7170199928037	3804.4929665058307
S2_Male_sentence_04.wav	2.159999999999976	2.164999999999976	--undefined--	-200	36.16374635925115	494.8808128118641	1453.317993182009	2700.981277035672	3766.0982498461394
S2_Male_sentence_04.wav	2.164999999999976	2.169999999999976	--undefined--	-200	35.235484249172565	485.495775360429	1670.084740845075	2431.233014520331	3706.795990066954
S2_Male_sentence_04.wav	2.169999999999976	2.174999999999976	--undefined--	-200	35.58383224039366	473.7686574376208	1667.1953211010048	2695.1271707423216	3734.7212729630187
S2_Male_sentence_04.wav	2.174999999999976	2.1799999999999757	--undefined--	-200	36.196114821567136	459.3694164088103	1607.759466728684	3023.995933021604	3790.1311128538937
S2_Male_sentence_04.wav	2.1799999999999757	2.1849999999999756	--undefined--	-200	37.311119386150224	438.4527528490095	1693.943905450331	3006.211739572166	3834.802289369734
S2_Male_sentence_04.wav	2.1849999999999756	2.1899999999999755	--undefined--	-200	39.38202006114827	404.57125743660663	1967.0072335589707	2937.180891826438	3989.1242404969976
S2_Male_sentence_04.wav	2.1899999999999755	2.1949999999999754	--undefined--	-214.11507455736978	42.38531376356342	531.5130838374607	1874.7559372688468	2756.979545161644	4130.431315455221
S2_Male_sentence_04.wav	2.1949999999999754	2.1999999999999753	--undefined--	-26.92028747993938	45.98634751385667	593.7157356967015	1869.7144265034797	2805.422204146132	4075.1168608169373
S2_Male_sentence_04.wav	2.1999999999999753	2.204999999999975	--undefined--	10.679426862851642	47.93183550299049	591.3018560505537	1860.3491467623471	2868.1921605293437	3892.6664323763757
S2_Male_sentence_04.wav	2.204999999999975	2.209999999999975	--undefined--	-1.6261134818611898	48.676864328779175	554.3819079167058	1757.5839268370657	2767.5187401159224	3707.9134491283125
S2_Male_sentence_04.wav	2.209999999999975	2.214999999999975	--undefined--	10.586034324988855	48.22234382314922	496.35785174852316	1734.4393521036695	2705.79559983884	3700.1766085937275
S2_Male_sentence_04.wav	2.214999999999975	2.219999999999975	--undefined--	-165.35074011847342	48.822472266282496	345.5806076832735	1627.0241725159763	2679.363167972907	3707.5397726540195
S2_Male_sentence_04.wav	2.219999999999975	2.2249999999999748	--undefined--	-217.53760685165076	50.44003659991918	1000.7921699013363	2326.209743330307	3278.781281482789	4404.783740129195
S2_Male_sentence_04.wav	2.2249999999999748	2.2299999999999747	--undefined--	-32.22070497349678	53.32142686256944	1201.826692815542	2557.7743938102017	3583.628981105506	4916.210789160751
S2_Male_sentence_04.wav	2.2299999999999747	2.2349999999999746	--undefined--	8.467650881036917	55.644831884462675	260.0876095062396	1609.9797683181425	3016.6208730511516	4627.402028862603
S2_Male_sentence_04.wav	2.2349999999999746	2.2399999999999745	--undefined--	2.897372331446615	57.04857332905092	346.5527568499655	1596.3644527974825	2798.406552900696	4476.760396390662
S2_Male_sentence_04.wav	2.2399999999999745	2.2449999999999743	99.70551580175444	3.634079257681772	57.741133395320844	357.1592846137572	1610.264208193526	2669.860081738311	4529.721119844848
S2_Male_sentence_04.wav	2.2449999999999743	2.2499999999999742	99.70551580175444	6.793450604484802	58.01366032434641	357.39859515970807	1574.1634470180516	2586.380577018334	4545.210837468149
S2_Male_sentence_04.wav	2.2499999999999742	2.254999999999974	99.70551580175444	11.714331092191532	58.068888233037995	355.91764736802924	1532.5200190779253	2541.4246454035842	4537.046180153376
S2_Male_sentence_04.wav	2.254999999999974	2.259999999999974	99.65839127354863	13.4453368228964	58.0638709173976	355.5919129468538	1527.6469508066136	2528.1297665369207	4545.312577831258
S2_Male_sentence_04.wav	2.259999999999974	2.264999999999974	99.59771414379999	17.20821767112304	58.016289325558105	366.74473782878795	1538.5324057989374	2528.100874939368	4576.743146294677
S2_Male_sentence_04.wav	2.264999999999974	2.269999999999974	99.53703701405136	18.312393006273428	57.96035235559364	343.94593183491435	1566.5968028559962	2540.949348987587	4640.783897455615
S2_Male_sentence_04.wav	2.269999999999974	2.2749999999999737	99.47635988430272	18.869405122815742	57.89524111789285	328.90068172188217	1557.7871330546982	2547.905815334832	4726.388257534163
S2_Male_sentence_04.wav	2.2749999999999737	2.2799999999999736	99.4156827545541	19.779123797231325	57.80254209235592	322.41892926635904	1536.4624484300232	2564.551844886103	4655.021804484722
S2_Male_sentence_04.wav	2.2799999999999736	2.2849999999999735	98.7754607013136	18.947613561586504	57.5936467567394	315.5343735138849	1532.124986605146	2597.566897652089	4407.098985479197
S2_Male_sentence_04.wav	2.2849999999999735	2.2899999999999734	97.96856660437771	15.637962887210755	57.114652130097646	286.07127175088465	1554.4881174862185	2608.8908580790217	4559.923899184743
S2_Male_sentence_04.wav	2.2899999999999734	2.2949999999999733	97.16167250744176	12.6755554534469	56.25488674284369	268.6428939947944	1615.0498227900666	2716.4465628799376	4296.359970538346
S2_Male_sentence_04.wav	2.2949999999999733	2.299999999999973	96.35477841050587	9.453548027314408	54.84402990111561	236.2241602517654	1726.715604071181	3099.855659495121	4649.542894302927
S2_Male_sentence_04.wav	2.299999999999973	2.304999999999973	95.54788431356992	23.558196566135674	52.94485686666473	227.63218648491184	1770.4419386695834	3094.7717679727957	4674.852497845911
S2_Male_sentence_04.wav	2.304999999999973	2.309999999999973	95.3676596683316	-163.23155908773077	50.60824188874957	260.62736453881695	1792.668741546078	2596.8639419442975	3834.5588405535927
S2_Male_sentence_04.wav	2.309999999999973	2.314999999999973	95.3676596683316	-204.0605065154395	48.19777013766443	255.06031403374033	2469.9720180311233	3761.9991088788493	--undefined--
S2_Male_sentence_04.wav	2.314999999999973	2.3199999999999728	--undefined--	-200	45.78918767890795	272.81349343561806	1950.3428625176543	2970.979755373513	3873.9067438262314
S2_Male_sentence_04.wav	2.3199999999999728	2.3249999999999726	--undefined--	-200	43.19809424581999	276.9099613521899	1782.1491417644559	2777.979976680278	3848.4105096028425
S2_Male_sentence_04.wav	2.3249999999999726	2.3299999999999725	--undefined--	-200	40.963087408288345	275.5619795751801	1953.4111515829645	3007.528373011457	4095.586458975399
S2_Male_sentence_04.wav	2.3299999999999725	2.3349999999999724	--undefined--	-200	39.46030578014915	276.1741747098827	2162.941940057861	3167.6580370243482	4601.8481354961805
S2_Male_sentence_04.wav	2.3349999999999724	2.3399999999999723	--undefined--	-200	38.399030652127955	260.94851751980633	1904.9272726076065	3032.893546637564	4171.398558640103
S2_Male_sentence_04.wav	2.3399999999999723	2.344999999999972	--undefined--	-200	37.66029726945715	275.77401586636114	1709.5504153156617	2934.2116323505848	3966.536285497613
S2_Male_sentence_04.wav	2.344999999999972	2.349999999999972	--undefined--	-200	37.09887964185657	273.25500944430803	1557.354024084887	2893.9284938911765	3956.261254269951
S2_Male_sentence_04.wav	2.349999999999972	2.354999999999972	--undefined--	-200	36.263537897289574	237.15665003023142	1524.02977016226	2906.875585086999	4041.680837754751
S2_Male_sentence_04.wav	2.354999999999972	2.359999999999972	--undefined--	-200	35.144109060163046	268.9410994200565	1743.268522933947	2938.978268199788	4136.88250511107
S2_Male_sentence_04.wav	2.359999999999972	2.364999999999972	--undefined--	-200	34.40189440739022	868.468847519412	2546.665038397588	2877.257650294446	4246.577502643315
S2_Male_sentence_04.wav	2.364999999999972	2.3699999999999717	--undefined--	-200	33.879410636370736	1507.4936999640902	2754.5577567869295	3814.3396446118854	4935.228258257309
S2_Male_sentence_04.wav	2.3699999999999717	2.3749999999999716	--undefined--	-200	33.545426776861234	933.6120213766753	2254.5614737275173	3446.5316163382536	4586.453226367477
S2_Male_sentence_04.wav	2.3749999999999716	2.3799999999999715	--undefined--	-200	32.91133433451393	216.53157745340823	1752.490318095287	2783.0628082792728	4033.7257738750627
S2_Male_sentence_04.wav	2.3799999999999715	2.3849999999999714	--undefined--	-200	32.23348087014093	245.08863758381983	1801.8941947089015	2839.9183331476565	4084.349984661149
S2_Male_sentence_04.wav	2.3849999999999714	2.3899999999999713	--undefined--	-200	32.0495278769572	215.35284746814645	2089.27187312864	3091.4815916598186	4306.667482448215
S2_Male_sentence_04.wav	2.3899999999999713	2.394999999999971	--undefined--	-200	31.914580045595397	1455.8227165077544	2781.2031308441547	3916.614667809953	--undefined--
S2_Male_sentence_04.wav	2.394999999999971	2.399999999999971	--undefined--	-200	31.65316259822578	1854.4004093723834	2949.5220711488428	4138.108553978222	--undefined--
S2_Male_sentence_04.wav	2.399999999999971	2.404999999999971	--undefined--	-200	30.578228022006403	1713.265816026798	2784.4742401670537	3994.594872696978	--undefined--
S2_Male_sentence_04.wav	2.404999999999971	2.409999999999971	--undefined--	-200	29.08323540905849	1542.907702018002	2597.0129969527516	3857.8636878305847	5000.335903249212
S2_Male_sentence_04.wav	2.409999999999971	2.4149999999999707	--undefined--	-200	27.36446509179897	1338.9239405390786	2533.046694697445	3832.971838471462	4410.967479116988
S2_Male_sentence_04.wav	2.4149999999999707	2.4199999999999706	--undefined--	-200	25.069537327031433	1342.288502424591	2472.717408742988	3577.4447717830035	4389.044013370371
S2_Male_sentence_04.wav	2.4199999999999706	2.4249999999999705	--undefined--	-200	24.07654221246956	907.4456795380044	2276.691453543641	3333.642824740216	4226.3252766311725
S2_Male_sentence_04.wav	2.4249999999999705	2.4299999999999704	--undefined--	-200	28.560350952720434	709.6888984231098	2150.7450035343145	3254.8976380440326	4197.669248613076
S2_Male_sentence_04.wav	2.4299999999999704	2.4349999999999703	--undefined--	-200	33.734127262058166	1170.7525722553034	2242.305408700496	3354.030139190969	4526.1643447068145
S2_Male_sentence_04.wav	2.4349999999999703	2.43999999999997	--undefined--	-200	38.440107820326475	1288.4077643383687	2360.2708284140945	3236.972826198216	4832.295882419039
S2_Male_sentence_04.wav	2.43999999999997	2.44499999999997	--undefined--	-200	41.02742186821035	1098.6509106933863	1591.6712852496994	2993.216311754628	3919.3217078205007
S2_Male_sentence_04.wav	2.44499999999997	2.44999999999997	--undefined--	-200	41.9351932879844	943.7463197909135	1246.783896274315	2776.3250526156066	3659.417555444179
S2_Male_sentence_04.wav	2.44999999999997	2.45499999999997	--undefined--	-200	41.19868889718746	844.432842878102	1226.4349898855285	2628.1784352840687	3758.020941962703
S2_Male_sentence_04.wav	2.45499999999997	2.4599999999999698	--undefined--	-200	40.54861779978899	765.0021626501546	1318.8811846192068	2592.5591549013106	3777.3721178429582
S2_Male_sentence_04.wav	2.4599999999999698	2.4649999999999697	--undefined--	-200	39.97631455653498	638.1751731407468	1656.2133634042223	2794.793152568469	3867.6066580907905
S2_Male_sentence_04.wav	2.4649999999999697	2.4699999999999696	--undefined--	-200	39.62495767806125	623.7031410619835	1644.2693077408837	2778.7551718940977	3881.0859495207524
S2_Male_sentence_04.wav	2.4699999999999696	2.4749999999999694	--undefined--	-200	38.52899015139308	1032.4864788375303	2133.7508677008427	3248.286058227801	4424.719399620143
S2_Male_sentence_04.wav	2.4749999999999694	2.4799999999999693	--undefined--	-200	36.62246958502585	1412.2843416508679	2586.3978267187454	3703.134974257021	4912.91269174291
S2_Male_sentence_04.wav	2.4799999999999693	2.4849999999999692	--undefined--	-200	34.8508614444023	1325.3473281344277	2420.165191660977	3592.661485277022	4760.049721259393
S2_Male_sentence_04.wav	2.4849999999999692	2.489999999999969	--undefined--	-200	33.008361371436635	700.0420787767587	1502.4619518102745	2711.391887184137	3882.2632580176546
S2_Male_sentence_04.wav	2.489999999999969	2.494999999999969	--undefined--	-200	31.007677158092	641.7367260830964	1175.0708784107464	2553.5393661803396	3818.3860756697454
S2_Male_sentence_04.wav	2.494999999999969	2.499999999999969	--undefined--	-200	29.659249623628586	965.4649710317398	1808.6964868353502	3162.6526047963353	4340.0495486858
S2_Male_sentence_04.wav	2.499999999999969	2.504999999999969	--undefined--	-200	28.677144985177623	1297.7476180635479	2506.3547547974713	3835.540714038757	4786.400135506179
S2_Male_sentence_04.wav	2.504999999999969	2.5099999999999687	--undefined--	-200	27.40477175290454	1378.5769837520274	2577.284439749336	4048.5175534093814	4732.018546372992
S2_Male_sentence_04.wav	2.5099999999999687	2.5149999999999686	--undefined--	-200	26.75414576315305	1407.914801728071	2603.1668977872864	4222.576599483315	4717.258510321284
S2_Male_sentence_04.wav	2.5149999999999686	2.5199999999999685	--undefined--	-200	26.860226168520786	1391.863899657296	2577.0285306894316	4186.567858461887	4744.337175467609
S2_Male_sentence_04.wav	2.5199999999999685	2.5249999999999684	--undefined--	-200	27.548632090182313	1006.018639197109	1878.555883261852	3330.900868772954	4728.706018557066
S2_Male_sentence_04.wav	2.5249999999999684	2.5299999999999683	--undefined--	-200	28.37164890686436	794.0407103862245	1625.183268356701	2845.605500347433	4690.572641482815
S2_Male_sentence_04.wav	2.5299999999999683	2.534999999999968	--undefined--	-200	29.035426757888956	1103.9634446724558	2418.432469182998	3440.9952805414778	4660.187773389306
S2_Male_sentence_04.wav	2.534999999999968	2.539999999999968	--undefined--	-200	28.631622487410464	1259.0207485209337	2387.0608477585915	3445.569814378195	4650.06979283569
S2_Male_sentence_04.wav	2.539999999999968	2.544999999999968	--undefined--	-200	27.694668816599982	1297.8728696701123	2441.963291360741	3415.6943623357356	4633.586539150175
S2_Male_sentence_04.wav	2.544999999999968	2.549999999999968	--undefined--	-200	27.130847507153042	1323.6232917545863	2459.7443115420115	3549.9284878894887	4709.648830267765
S2_Male_sentence_04.wav	2.549999999999968	2.5549999999999677	--undefined--	-200	27.30058970190239	1325.0800410342126	2450.6540729343133	3683.5933417853894	4795.819403095906
S2_Male_sentence_04.wav	2.5549999999999677	2.5599999999999676	--undefined--	-200	28.10535117528185	1272.3730089514727	2439.413534327923	3683.770477389836	4831.8654318922645
S2_Male_sentence_04.wav	2.5599999999999676	2.5649999999999675	--undefined--	-200	28.155278137704293	1117.2288320790672	2432.777260704229	3689.8223002481736	4918.667904605024
S2_Male_sentence_04.wav	2.5649999999999675	2.5699999999999674	--undefined--	-200	27.452026561851184	1084.8955609340971	2420.7252249161515	3636.6765474881518	4928.219749047869
S2_Male_sentence_04.wav	2.5699999999999674	2.5749999999999673	--undefined--	-200	25.768295246916257	1125.1313677538124	2415.9150652005733	3561.9242327040874	4912.93537119114
S2_Male_sentence_04.wav	2.5749999999999673	2.579999999999967	--undefined--	-200	25.448187260045156	1165.6095341213984	2413.6010030657485	3518.2507622216667	4874.29700534779
S2_Male_sentence_04.wav	2.579999999999967	2.584999999999967	--undefined--	-200	26.26786190425569	1144.9270425652487	2394.069606907546	3512.456291081208	4817.013200840351
S2_Male_sentence_04.wav	2.584999999999967	2.589999999999967	--undefined--	-200	28.19395050213555	1043.7023544885155	2292.311770020085	3392.0556981785244	4776.949936826454
S2_Male_sentence_04.wav	2.589999999999967	2.594999999999967	--undefined--	-200	29.07514420477377	1098.9733691046474	2363.7501853545423	3435.9310700757915	4586.598639027063
S2_Male_sentence_04.wav	2.594999999999967	2.599999999999967	--undefined--	-200	28.487577777454316	1121.7422110149648	2345.8599942179776	3444.275602658771	4644.848334921316
S2_Male_sentence_04.wav	2.599999999999967	2.6049999999999667	--undefined--	-200	26.524271045364717	898.2242358794374	2218.9058360999884	3383.9129510776515	4756.951558317843
S2_Male_sentence_04.wav	2.6049999999999667	2.6099999999999666	--undefined--	-200	24.773795929919935	575.2888959067946	2121.9351644863077	3313.179613208195	4743.075560904649
S2_Male_sentence_04.wav	2.6099999999999666	2.6149999999999665	--undefined--	-200	24.356585060844697	1527.9436786601245	2619.511831059119	3518.9139059801014	4756.241501234945
S2_Male_sentence_04.wav	2.6149999999999665	2.6199999999999664	--undefined--	-200	25.106976265700794	984.4021313547374	2129.1490955953464	3272.491102066815	4564.560692873944
S2_Male_sentence_04.wav	2.6199999999999664	2.6249999999999662	--undefined--	-200	26.26949545600207	715.0643848734984	1964.0767699112293	3082.6362350071977	4460.523374294364
S2_Male_sentence_04.wav	2.6249999999999662	2.629999999999966	--undefined--	-200	26.392255751106752	912.9763637308833	2171.0787900391106	3281.128338607449	4416.186941100653
S2_Male_sentence_04.wav	2.629999999999966	2.634999999999966	--undefined--	-200	26.073569969635123	1358.058734883058	2515.8501523027817	3847.6500177375688	4447.497484846018
S2_Male_sentence_04.wav	2.634999999999966	2.639999999999966	--undefined--	-200	25.425999952260224	1240.5454179779736	2459.806858345452	3708.2437999574363	4894.482572368628
S2_Male_sentence_04.wav	2.639999999999966	2.644999999999966	--undefined--	-200	24.740929236305234	1230.2049390886539	2488.627032252291	3743.895528806947	4761.17620821347
S2_Male_sentence_04.wav	2.644999999999966	2.6499999999999657	--undefined--	-200	23.942587229373483	1222.2841949149324	2497.2459145120124	3659.4914114947996	4547.020046885455
S2_Male_sentence_04.wav	2.6499999999999657	2.6549999999999656	--undefined--	-200	22.999578664445092	1164.190693138856	2434.0807490440225	3514.445167972611	4452.561539643241
S2_Male_sentence_04.wav	2.6549999999999656	2.6599999999999655	--undefined--	-200	21.972569136116906	1080.9524003493868	2313.0649085856676	3408.3318741256767	4523.994383628112
S2_Male_sentence_04.wav	2.6599999999999655	2.6649999999999654	--undefined--	-200	21.531588583450418	1233.8943722017987	2335.4332131400934	3405.462369972032	4447.701824769714
S2_Male_sentence_04.wav	2.6649999999999654	2.6699999999999653	--undefined--	-200	23.29130752115921	1250.3075011453102	2470.2040351577252	3038.985607592256	4350.539734488212
S2_Male_sentence_04.wav	2.6699999999999653	2.674999999999965	--undefined--	-200	24.78290526368866	1300.8168295281423	2651.442355259105	3665.700173047401	--undefined--
S2_Male_sentence_04.wav	2.674999999999965	2.679999999999965	--undefined--	-200	25.467174287941383	1328.9247987667484	2727.5376320655623	4212.4497025552555	--undefined--
S2_Male_sentence_04.wav	2.679999999999965	2.684999999999965	--undefined--	-200	24.911498430370486	1282.9413445994296	2610.4909713310763	3823.971177204333	4418.773882760419
S2_Male_sentence_04.wav	2.684999999999965	2.689999999999965	--undefined--	-200	23.753435996733355	1227.4284372613076	2441.631339202798	3471.6739657789376	4375.979966238978
S2_Male_sentence_04.wav	2.689999999999965	2.6949999999999648	--undefined--	-200	22.31933667851798	1280.9626891036116	2418.1752475300573	3309.92107662727	4349.064017698684
S2_Male_sentence_04.wav	2.6949999999999648	2.6999999999999647	--undefined--	-200	22.370386016455964	1208.7162205240338	2360.942462527212	3328.728516004928	4323.984196671082
S2_Male_sentence_04.wav	2.6999999999999647	2.7049999999999645	--undefined--	-200	22.77358853645967	1040.9942433857248	2281.841244381824	3383.9108851736264	4318.549791413252
S2_Male_sentence_04.wav	2.7049999999999645	2.7099999999999644	--undefined--	-200	--undefined--	871.0575464729822	2220.633774708326	3368.748988826946	4338.698079258559
S2_Male_sentence_04.wav	2.7099999999999644	2.7149999999999643	--undefined--	-200	--undefined--	--undefined--	--undefined--	--undefined--	--undefined--
S2_Male_sentence_04.wav	2.7149999999999643	2.7199999999999642	--undefined--	--undefined--	--undefined--	--undefined--	--undefined--	--undefined--	--undefined--
S2_Male_sentence_04.wav	2.7199999999999642	2.724999999999964	--undefined--	--undefined--	--undefined--	--undefined--	--undefined--	--undefined--	--undefined--
S2_Male_sentence_04.wav	2.724999999999964	2.729999999999964	--undefined--	--undefined--	--undefined--	--undefined--	--undefined--	--undefined--	--undefined--
S2_Male_sentence_04.wav	2.729999999999964	2.734999999999964	--undefined--	--undefined--	--undefined--	--undefined--	--undefined--	--undefined--	--undefined--